CPF,Papel_Empresa,Salario,Idade,Tempo_Empresa,Departamento,Localizacao,Avaliacao_Desempenho,Carga_Horaria,Bonus
822.160.427-37,Product Manager,13983.84,29,6.7,Vendas,Belo Horizonte,3.2,33,1306.09
460.219.959-20,Team Member,7523.01,35,6.0,Produto,Rio de Janeiro,6.5,33,1125.35
800.199.108-25,Product Manager,15938.76,25,13.1,Vendas,Rio de Janeiro,9.6,30,2076.95
603.184.884-29,Tech Lead,21344.6,24,8.0,Vendas,Curitiba,4.9,42,3912.12
234.840.605-25,Product Manager,14961.1,30,1.7,Vendas,Fortaleza,5.7,40,2494.2
736.699.730-90,Group Product Manager,23103.11,31,9.9,Produto,Porto Alegre,8.3,46,2688.52
274.706.356-25,Tech Lead,18280.77,30,10.9,Vendas,Curitiba,6.0,35,2335.31
889.703.777-30,Group Product Manager,27017.08,22,10.2,Produto,Belo Horizonte,3.6,31,2736.48
766.540.153-30,Group Product Manager,26753.4,43,13.9,Vendas,Curitiba,3.4,36,5332.96
157.682.777-99,Tech Lead,18641.54,32,14.0,Marketing,Fortaleza,9.8,32,1261.68
478.756.907-87,Tech Lead,18667.93,31,9.5,Vendas,Brasília,3.9,36,1997.11
160.721.822-52,Tech Lead,17542.34,38,2.8,Vendas,Brasília,9.4,38,1096.28
623.468.509-98,Group Product Manager,28979.86,39,3.5,Marketing,Recife,8.8,49,4635.69
646.875.578-79,Tech Lead,17300.95,29,1.3,Produto,São Paulo,4.5,41,3077.53
317.726.266-30,Group Product Manager,26003.58,60,13.6,Vendas,Curitiba,9.7,42,5133.7
988.560.969-94,Tech Lead,15556.8,40,2.4,Produto,Manaus,7.2,31,1285.79
961.633.920-63,Group Product Manager,27643.52,53,3.5,Marketing,Rio de Janeiro,2.1,36,2137.97
860.431.823-88,Team Member,11870.95,32,4.9,TI,Salvador,8.5,32,1266.78
397.138.925-88,Tech Lead,15925.62,35,10.9,Vendas,Belo Horizonte,6.5,33,2247.18
825.407.793-88,Tech Lead,20231.77,27,5.4,Vendas,São Paulo,4.8,50,2218.99
397.569.581-87,Group Product Manager,26687.54,23,14.5,Marketing,Salvador,6.7,45,4205.94
527.453.852-52,Tech Lead,20817.14,46,11.5,Vendas,Porto Alegre,7.6,41,3650.26
935.472.894-67,Group Product Manager,24504.92,23,9.9,Produto,Belo Horizonte,6.1,42,2307.37
814.939.276-93,Team Member,6110.8,35,4.0,Produto,Brasília,8.0,32,647.02
347.167.840-64,Tech Lead,17698.24,59,7.2,Vendas,Salvador,2.3,36,2032.94
110.838.795-63,Tech Lead,16037.37,47,12.3,Produto,Belo Horizonte,7.7,38,1833.97
536.642.172-93,Team Member,7163.55,37,7.4,Marketing,Salvador,2.0,39,403.86
695.970.583-22,Product Manager,17718.52,22,14.9,Vendas,Salvador,9.1,31,1600.51
641.204.429-85,Tech Lead,23575.92,34,13.1,Marketing,Fortaleza,7.6,37,1912.21
680.748.507-59,Group Product Manager,20549.79,40,5.9,Marketing,Porto Alegre,8.7,47,1062.56
869.451.689-63,Group Product Manager,21056.33,44,11.4,TI,Manaus,7.8,48,3746.44
295.617.858-57,Product Manager,19951.13,34,5.6,TI,Curitiba,2.7,34,2479.99
619.459.703-35,Group Product Manager,33916.46,25,4.5,Produto,Belo Horizonte,3.3,50,4912.5
984.946.357-74,Group Product Manager,26835.96,55,4.1,Vendas,Brasília,1.3,42,1674.67
110.188.470-29,Team Member,5062.4,22,13.8,Produto,Manaus,3.4,50,365.32
562.396.451-39,Team Member,9467.25,45,7.1,Vendas,Manaus,4.6,39,861.39
185.153.600-79,Tech Lead,22472.84,28,2.2,TI,Porto Alegre,1.2,32,2542.53
832.199.541-34,Group Product Manager,28980.18,54,10.5,Vendas,Fortaleza,5.3,40,1750.45
141.999.155-11,Team Member,5279.11,45,12.7,TI,Porto Alegre,1.5,39,623.7
777.116.841-92,Group Product Manager,31133.75,28,9.2,Marketing,Fortaleza,9.6,38,4435.99
604.136.384-11,Product Manager,16145.18,50,8.5,Marketing,Rio de Janeiro,3.3,36,1420.1
586.821.282-47,Product Manager,18310.19,35,6.7,Marketing,Recife,7.7,42,2221.59
876.175.269-39,Group Product Manager,22791.74,39,7.9,Produto,Belo Horizonte,5.1,43,2684.41
134.507.422-26,Team Member,8615.79,26,9.5,Marketing,Salvador,5.7,47,1535.98
357.700.634-41,Group Product Manager,26050.38,31,3.8,TI,Brasília,4.3,39,3692.73
834.817.571-57,Team Member,7960.73,46,4.6,Produto,Porto Alegre,6.5,33,707.23
236.443.796-22,Product Manager,12009.81,35,8.1,Marketing,Porto Alegre,6.2,43,1949.38
745.230.545-27,Team Member,11053.74,24,9.7,Vendas,Rio de Janeiro,1.6,30,961.42
568.397.793-94,Product Manager,12126.12,38,3.1,TI,São Paulo,4.6,34,1143.1
898.555.434-48,Tech Lead,21315.76,46,13.8,Vendas,Manaus,1.1,37,2894.74
956.536.691-86,Tech Lead,16839.32,30,9.8,Vendas,Fortaleza,9.8,44,2979.59
952.648.189-16,Tech Lead,24339.24,39,13.4,Marketing,Brasília,4.3,30,4843.17
981.604.260-34,Team Member,9825.21,28,8.9,Produto,São Paulo,2.2,35,929.13
918.681.330-98,Product Manager,12494.47,44,3.3,Vendas,Porto Alegre,5.8,40,1218.48
668.553.940-76,Group Product Manager,33265.27,51,14.9,Marketing,São Paulo,2.7,35,2496.92
339.338.480-73,Group Product Manager,32497.32,50,6.0,Produto,Belo Horizonte,1.8,34,3407.99
321.496.925-77,Product Manager,15434.41,53,12.5,Vendas,Brasília,6.8,36,1359.12
653.715.872-46,Product Manager,19736.49,52,7.7,Marketing,Fortaleza,3.3,37,3433.63
215.694.839-12,Product Manager,16874.88,40,4.8,Produto,Brasília,4.3,49,1791.34
401.495.483-86,Tech Lead,21891.73,48,2.8,Marketing,Recife,7.2,42,2027.02
483.855.773-20,Team Member,11772.38,56,2.1,Marketing,Recife,7.5,35,1955.62
653.352.261-92,Tech Lead,21991.83,41,10.5,TI,Rio de Janeiro,7.8,33,3035.47
957.410.250-47,Team Member,7809.33,56,4.0,Produto,Manaus,2.9,45,689.61
781.658.824-37,Product Manager,15428.49,49,13.8,Produto,Fortaleza,9.4,41,1547.97
530.900.608-29,Tech Lead,17020.59,53,6.9,Vendas,Belo Horizonte,7.6,48,3351.55
238.952.482-20,Tech Lead,17490.54,42,5.5,Vendas,Porto Alegre,4.6,39,2821.9
679.841.219-80,Tech Lead,22013.11,48,7.1,Vendas,Belo Horizonte,2.4,31,3992.04
853.946.974-77,Group Product Manager,20643.5,33,1.7,Vendas,Curitiba,6.3,47,3937.16
127.366.130-93,Group Product Manager,20057.86,26,3.7,Vendas,São Paulo,4.5,40,2917.05
656.854.446-97,Product Manager,16514.37,35,4.1,Produto,Rio de Janeiro,4.6,34,2049.46
989.389.375-87,Team Member,9170.71,59,0.7,TI,Belo Horizonte,2.3,35,1167.54
427.626.841-12,Tech Lead,19306.91,40,13.2,Marketing,Recife,8.3,30,3720.2
851.112.856-33,Product Manager,13099.81,59,7.8,TI,Porto Alegre,10.0,50,1185.39
395.585.258-98,Group Product Manager,21743.44,28,6.8,Marketing,Fortaleza,8.6,39,2058.64
540.461.856-36,Group Product Manager,22990.71,57,8.1,Marketing,Rio de Janeiro,6.8,41,2770.78
548.963.643-99,Group Product Manager,26673.03,53,13.7,TI,Brasília,7.8,30,3497.09
345.723.152-26,Tech Lead,23352.22,45,2.8,Vendas,Brasília,6.2,40,3592.98
933.397.690-87,Team Member,5536.57,57,2.5,Vendas,Fortaleza,9.2,47,632.42
339.147.896-62,Tech Lead,23016.79,59,2.1,Vendas,Rio de Janeiro,8.4,50,2283.63
842.554.308-66,Group Product Manager,30679.97,39,12.4,Vendas,Salvador,6.2,35,5685.06
267.188.940-42,Group Product Manager,34514.29,31,14.3,Produto,São Paulo,1.4,38,3698.18
362.147.498-68,Product Manager,13623.93,46,13.9,Produto,Porto Alegre,2.8,37,1703.02
490.759.241-18,Team Member,7046.73,26,11.4,Marketing,Salvador,9.9,44,371.07
469.345.943-67,Tech Lead,21878.64,22,4.4,Marketing,Belo Horizonte,9.7,37,3811.88
242.296.313-33,Product Manager,12248.98,51,2.9,Vendas,Curitiba,2.8,37,839.62
398.882.905-30,Tech Lead,18385.53,36,8.0,Vendas,Recife,2.7,50,2497.11
820.297.961-72,Tech Lead,21312.93,49,12.8,Produto,Manaus,8.0,48,2463.76
162.649.313-86,Tech Lead,24947.72,58,1.1,Vendas,Curitiba,1.9,39,2007.86
790.731.674-36,Group Product Manager,31737.04,54,6.7,TI,Porto Alegre,1.7,45,5692.3
957.220.814-51,Tech Lead,24004.77,53,12.8,Marketing,Brasília,3.3,35,3651.41
552.564.352-97,Team Member,6115.6,37,7.3,Marketing,São Paulo,2.4,30,517.82
756.419.154-17,Tech Lead,21990.92,51,5.2,Marketing,Rio de Janeiro,8.1,50,2732.04
132.626.532-22,Group Product Manager,30837.89,27,12.3,TI,Fortaleza,9.7,36,6154.57
128.464.780-63,Product Manager,13442.87,43,10.9,Produto,Manaus,7.5,44,1682.99
204.616.509-92,Product Manager,17597.99,22,11.5,TI,Curitiba,8.8,42,2618.53
845.675.873-15,Team Member,6074.48,42,1.5,Produto,Brasília,9.3,49,602.33
849.795.816-30,Group Product Manager,32032.9,31,15.0,Produto,Curitiba,2.8,43,3894.87
684.620.672-33,Tech Lead,18175.17,30,14.0,Produto,Recife,7.8,39,2639.93
791.478.485-82,Tech Lead,17302.01,37,9.8,Vendas,Curitiba,7.1,44,866.07
674.142.201-80,Group Product Manager,31584.43,54,1.6,Marketing,Porto Alegre,8.5,50,5306.9
584.196.363-59,Product Manager,18381.97,47,7.6,Vendas,Recife,5.7,37,1795.37
205.421.878-41,Team Member,9746.08,28,11.2,Marketing,Salvador,7.1,34,1491.12
225.868.816-49,Tech Lead,23497.42,39,13.2,Marketing,Recife,9.2,33,3530.79
676.566.521-38,Team Member,5413.68,39,5.3,Produto,Brasília,2.4,39,676.22
495.289.213-45,Product Manager,14361.73,47,5.0,Vendas,Fortaleza,4.6,32,2443.49
662.389.282-42,Team Member,8810.29,23,6.5,TI,Rio de Janeiro,5.7,43,1528.78
148.789.762-49,Group Product Manager,33144.92,53,4.9,TI,Brasília,2.2,39,5637.84
630.485.910-88,Tech Lead,22001.61,57,4.8,Marketing,Salvador,5.4,40,3078.01
795.803.829-86,Team Member,10433.85,49,12.7,TI,Porto Alegre,6.8,38,2011.35
705.509.406-98,Group Product Manager,30958.48,46,11.4,Produto,Brasília,3.2,50,2423.04
702.120.725-66,Group Product Manager,26465.95,59,14.8,Marketing,Salvador,9.5,37,4593.18
607.806.922-10,Team Member,6131.27,28,13.0,Marketing,Brasília,6.5,38,579.97
598.338.302-14,Team Member,8435.97,37,11.3,TI,Brasília,3.4,49,721.79
266.851.760-71,Tech Lead,17882.47,50,1.3,Vendas,Curitiba,1.0,42,3433.73
228.696.148-55,Group Product Manager,21344.44,46,5.8,Produto,Recife,6.5,44,3422.22
474.270.735-83,Product Manager,12531.46,25,10.2,Produto,Recife,9.5,31,1222.97
722.746.839-50,Group Product Manager,23194.97,22,9.8,Produto,Brasília,3.7,35,3677.46
371.999.390-90,Group Product Manager,27333.36,33,4.6,Marketing,Rio de Janeiro,7.7,31,3799.76
782.842.165-32,Product Manager,15398.92,39,2.5,Produto,Salvador,5.9,49,1406.68
559.565.686-46,Team Member,11492.6,32,1.9,TI,Recife,3.8,45,1570.87
306.311.483-43,Product Manager,17531.4,53,5.5,TI,Belo Horizonte,5.9,42,3088.02
203.943.273-57,Product Manager,18198.99,43,6.4,Vendas,Porto Alegre,1.1,48,1976.19
396.845.732-41,Group Product Manager,23701.14,52,4.4,Vendas,Manaus,9.4,32,4582.94
773.550.222-41,Team Member,10211.36,29,6.7,TI,Belo Horizonte,1.3,40,1962.34
789.989.730-22,Product Manager,15492.24,33,4.8,Vendas,Belo Horizonte,5.6,44,2161.31
980.349.699-16,Group Product Manager,23963.77,27,3.3,Produto,Salvador,8.6,38,3967.49
763.185.312-88,Team Member,7334.75,59,8.6,TI,Salvador,2.7,44,520.86
188.615.685-70,Team Member,10402.57,23,1.3,Vendas,Porto Alegre,3.7,33,1783.45
548.299.802-33,Tech Lead,19133.01,36,10.9,Produto,Brasília,8.6,39,3196.71
645.725.916-87,Team Member,5784.38,59,13.0,Marketing,Brasília,1.3,40,1084.75
983.939.871-79,Tech Lead,21291.17,53,12.0,TI,Fortaleza,9.1,42,4159.64
568.378.743-11,Tech Lead,17779.42,45,5.0,TI,Fortaleza,4.3,40,2275.86
751.609.893-10,Product Manager,16272.23,36,6.6,Marketing,Recife,4.7,46,1436.98
726.907.399-89,Tech Lead,22559.49,32,11.9,Marketing,Recife,1.9,49,3530.45
858.338.502-39,Group Product Manager,21972.68,49,1.4,TI,Recife,2.3,50,2112.34
139.992.148-66,Product Manager,13308.98,51,1.2,Produto,Belo Horizonte,4.8,33,1758.85
584.935.870-42,Team Member,10609.9,58,8.6,Produto,Brasília,7.4,39,1048.77
106.802.350-52,Team Member,8683.13,39,6.1,TI,Rio de Janeiro,7.9,47,1700.28
119.339.552-77,Tech Lead,21396.78,39,3.7,Marketing,Salvador,5.4,34,2059.46
228.795.660-29,Group Product Manager,26566.31,59,13.0,Vendas,Belo Horizonte,1.9,31,4461.71
491.129.865-47,Tech Lead,16544.09,53,5.9,Vendas,Belo Horizonte,7.6,45,2978.93
559.985.648-51,Product Manager,12709.39,36,4.5,TI,Curitiba,8.2,30,1373.0
228.494.413-40,Tech Lead,22763.89,36,6.5,Vendas,Porto Alegre,2.5,50,1393.06
251.115.726-19,Product Manager,19939.28,35,10.4,TI,Fortaleza,6.0,31,2207.5
775.288.110-19,Team Member,10772.61,37,13.5,Produto,Recife,8.4,30,648.54
484.341.614-60,Team Member,8992.21,56,1.4,Produto,São Paulo,6.4,31,1787.71
423.139.460-16,Group Product Manager,25931.12,54,1.5,TI,São Paulo,5.6,48,2139.71
763.788.517-20,Group Product Manager,24462.7,43,4.6,Produto,Rio de Janeiro,9.5,44,3129.24
379.182.449-31,Tech Lead,23481.71,32,12.8,Produto,Rio de Janeiro,6.5,44,3574.14
149.911.446-80,Team Member,6007.77,54,14.0,Produto,Belo Horizonte,1.8,38,1012.48
284.172.304-18,Product Manager,19435.37,26,2.3,Marketing,São Paulo,2.3,40,3700.26
132.225.591-33,Product Manager,13677.02,24,3.7,Vendas,Rio de Janeiro,8.6,36,988.74
957.126.830-88,Group Product Manager,34918.78,55,9.1,TI,Curitiba,4.7,48,3739.68
843.166.512-20,Product Manager,14304.93,33,6.3,Vendas,Salvador,5.6,31,1536.03
929.766.240-95,Team Member,11240.15,50,1.2,Marketing,Fortaleza,7.9,36,1053.11
950.111.115-48,Product Manager,14286.34,49,1.4,Vendas,Brasília,6.1,31,2631.0
248.360.464-39,Product Manager,19410.19,28,7.3,Marketing,Belo Horizonte,1.3,44,3438.84
670.594.382-81,Product Manager,13382.14,44,5.5,Marketing,Brasília,7.0,45,2281.4
141.857.298-17,Tech Lead,19929.44,33,9.5,Produto,Recife,7.9,44,1237.33
475.186.231-22,Product Manager,19518.67,59,2.2,Produto,Rio de Janeiro,5.7,48,3901.19
139.328.940-54,Product Manager,18621.07,41,8.7,Vendas,Recife,3.9,35,1745.01
873.463.104-38,Tech Lead,24522.45,31,11.5,Produto,Brasília,8.0,37,3730.82
278.409.677-44,Tech Lead,18984.99,52,7.2,Vendas,Rio de Janeiro,4.9,31,3021.46
862.752.183-50,Group Product Manager,25783.09,32,5.0,TI,Manaus,9.0,34,4609.32
505.255.186-61,Team Member,7613.07,41,10.6,TI,Belo Horizonte,1.8,36,896.8
137.258.469-89,Group Product Manager,27378.72,23,5.0,Produto,Rio de Janeiro,3.4,37,2158.33
881.385.854-32,Product Manager,19926.19,29,10.1,TI,Curitiba,2.5,30,3637.46
126.560.787-66,Product Manager,18084.45,40,0.6,Produto,São Paulo,1.7,39,2131.26
774.158.151-21,Tech Lead,24066.57,47,13.8,Produto,Porto Alegre,4.5,30,1511.58
809.330.781-48,Product Manager,17765.44,30,4.3,TI,Brasília,5.5,44,2147.33
204.612.386-11,Product Manager,15652.9,32,6.4,Produto,Fortaleza,2.0,43,2839.07
848.993.166-46,Team Member,11730.42,51,10.6,Vendas,Recife,1.3,48,1213.81
932.764.344-84,Team Member,10777.63,33,3.4,Marketing,Salvador,5.7,47,1025.45
553.847.496-54,Tech Lead,20553.32,23,2.7,Vendas,Brasília,1.1,50,2164.69
292.416.490-91,Group Product Manager,34638.16,59,10.2,TI,Rio de Janeiro,5.1,38,4917.39
692.617.157-18,Team Member,6310.88,25,14.9,Produto,Porto Alegre,7.1,50,746.28
704.522.855-41,Team Member,6363.26,26,12.4,Vendas,Brasília,9.8,32,1066.52
312.917.483-30,Group Product Manager,33601.51,57,4.4,Produto,Curitiba,6.1,43,2145.15
774.539.247-66,Team Member,9929.94,60,12.6,Produto,São Paulo,3.8,33,774.28
668.669.348-95,Product Manager,14689.62,29,1.2,TI,São Paulo,8.5,31,875.65
880.433.277-23,Group Product Manager,33428.59,47,1.4,TI,Fortaleza,6.8,39,2071.26
643.269.846-68,Group Product Manager,20544.16,28,1.7,Marketing,Fortaleza,4.5,30,2438.45
268.754.106-78,Product Manager,16097.54,41,7.0,Produto,São Paulo,8.6,45,1734.39
726.817.312-19,Group Product Manager,25898.28,33,0.9,Produto,Curitiba,6.8,48,4057.86
327.151.768-15,Group Product Manager,21675.16,53,14.5,Marketing,São Paulo,8.2,45,3031.69
257.311.920-96,Group Product Manager,27507.72,54,8.0,Marketing,Belo Horizonte,5.6,47,3514.34
111.590.225-59,Product Manager,13716.71,29,12.0,Marketing,Salvador,6.1,34,1119.59
526.584.127-88,Tech Lead,21368.07,38,11.5,Produto,Belo Horizonte,3.3,30,2371.86
657.338.428-20,Team Member,6310.98,59,2.6,Produto,São Paulo,2.7,44,1119.39
892.885.988-56,Group Product Manager,24608.13,27,7.1,Vendas,Curitiba,1.1,49,1704.29
941.861.386-13,Team Member,8986.94,53,12.7,Marketing,Curitiba,4.5,36,1525.6
828.207.752-51,Team Member,5829.65,29,12.9,Produto,Rio de Janeiro,4.6,30,321.51
455.875.395-55,Group Product Manager,33125.14,39,12.5,Produto,Rio de Janeiro,6.5,43,3783.31
278.546.394-87,Tech Lead,17217.96,56,12.4,TI,Recife,8.7,34,1712.9
683.664.469-85,Group Product Manager,24417.83,24,1.0,Vendas,Fortaleza,8.1,30,1433.06
743.779.947-54,Tech Lead,17974.02,52,3.4,Produto,Belo Horizonte,7.0,48,2667.31
347.755.999-23,Team Member,8317.67,51,13.0,Vendas,Porto Alegre,7.3,50,1550.52
490.417.627-97,Product Manager,12484.67,23,10.5,Produto,Recife,6.7,34,945.45
822.142.662-74,Tech Lead,22034.07,57,10.6,Produto,São Paulo,6.9,43,1144.26
578.612.119-87,Product Manager,19415.7,42,9.6,Produto,Curitiba,9.8,43,2722.98
953.356.213-71,Tech Lead,23042.02,26,7.1,Produto,São Paulo,8.9,47,1386.79
662.999.935-32,Tech Lead,17416.25,60,8.1,Produto,Manaus,7.3,41,2655.2
421.686.818-78,Tech Lead,20027.1,46,7.0,Vendas,Recife,3.2,34,3046.68
269.349.680-67,Product Manager,15976.74,28,11.4,Produto,Belo Horizonte,4.1,39,1587.72
225.375.809-14,Tech Lead,19215.52,57,13.7,TI,Porto Alegre,3.2,44,1498.71
463.838.175-54,Tech Lead,20187.23,33,11.7,TI,Curitiba,1.1,49,1970.05
463.401.132-41,Product Manager,17850.52,54,11.6,Vendas,Manaus,8.9,33,1127.53
499.879.542-74,Group Product Manager,23023.59,59,14.0,Vendas,Brasília,5.9,31,2410.01
238.150.245-14,Product Manager,15582.8,51,8.2,Vendas,Brasília,2.0,37,1370.21
827.194.170-23,Team Member,6264.0,34,3.3,Vendas,Fortaleza,5.9,42,362.19
110.192.924-26,Team Member,11421.28,49,5.2,TI,Porto Alegre,1.2,45,1411.74
601.167.570-11,Tech Lead,15069.23,41,12.4,TI,São Paulo,2.9,43,1867.66
487.838.237-91,Team Member,5740.03,49,12.3,Produto,Belo Horizonte,7.3,36,399.97
954.129.812-86,Group Product Manager,34329.17,23,14.3,Vendas,Salvador,7.4,49,4559.82
756.636.236-22,Team Member,5651.11,59,14.3,Marketing,São Paulo,9.5,37,428.75
960.353.384-27,Tech Lead,17551.05,52,6.8,Vendas,Fortaleza,3.4,49,3008.28
585.244.599-91,Group Product Manager,25334.85,33,7.6,Produto,São Paulo,3.5,43,2911.0
214.714.409-88,Product Manager,19396.68,36,4.1,Produto,Fortaleza,2.1,34,2158.95
316.232.683-97,Tech Lead,22350.7,45,9.5,Produto,Fortaleza,2.9,37,3293.81
828.477.259-63,Team Member,6698.29,31,0.6,Vendas,Porto Alegre,9.5,42,1102.68
576.765.748-78,Team Member,7309.86,44,10.5,Vendas,Manaus,4.3,39,1020.87
179.848.131-53,Tech Lead,20223.69,58,12.5,Produto,Manaus,7.0,39,2336.23
900.944.199-98,Team Member,9841.3,24,5.6,Vendas,Salvador,1.8,37,948.59
335.836.168-84,Team Member,5392.12,42,3.4,Vendas,Fortaleza,4.4,34,520.94
591.459.424-91,Product Manager,12669.31,36,8.3,Marketing,Brasília,4.3,33,2505.87
388.577.888-87,Tech Lead,15391.69,50,5.5,TI,Recife,4.3,43,2603.12
848.860.510-19,Team Member,5873.11,23,2.9,Produto,Fortaleza,9.4,50,979.71
657.222.116-41,Product Manager,14333.89,55,12.1,Vendas,Porto Alegre,8.5,47,2859.77
285.838.970-11,Team Member,6363.2,32,11.8,Vendas,Recife,9.8,32,632.66
896.160.456-45,Group Product Manager,23875.29,25,5.8,Produto,Manaus,9.2,42,3929.38
956.173.227-98,Team Member,10622.03,51,8.2,Marketing,Salvador,2.0,39,943.27
782.962.223-89,Product Manager,19524.04,57,8.4,Marketing,São Paulo,8.1,40,2402.56
955.868.749-14,Team Member,6099.28,43,9.2,Produto,Porto Alegre,5.3,41,564.94
910.286.596-75,Group Product Manager,21745.71,44,5.7,TI,Salvador,3.7,37,3910.21
385.341.885-88,Product Manager,16779.72,25,6.0,Vendas,Belo Horizonte,6.5,45,2277.25
404.681.815-54,Product Manager,13079.76,55,10.4,TI,São Paulo,7.9,40,1675.89
569.916.112-16,Team Member,11301.96,60,1.5,Vendas,Recife,2.4,47,1115.15
571.422.661-89,Group Product Manager,32329.13,55,10.4,Marketing,Porto Alegre,9.6,48,2825.65
467.498.497-83,Team Member,10312.75,59,1.9,TI,Recife,7.7,37,809.15
667.723.533-43,Group Product Manager,21581.99,48,5.4,Vendas,Rio de Janeiro,5.4,40,2254.46
531.178.146-41,Team Member,8620.71,45,1.7,Produto,Brasília,7.7,37,1239.72
291.282.466-37,Group Product Manager,21980.34,43,9.7,TI,Brasília,6.5,31,2911.42
865.109.870-70,Group Product Manager,20424.19,44,11.9,Produto,Fortaleza,9.5,43,4027.12
675.948.815-77,Tech Lead,18349.67,31,8.7,Vendas,Porto Alegre,8.7,30,1539.56
553.934.915-37,Group Product Manager,24159.28,38,11.7,Marketing,São Paulo,7.5,37,4610.64
541.298.664-86,Product Manager,12123.03,47,13.2,TI,Porto Alegre,7.6,42,1828.09
859.750.274-84,Tech Lead,17889.54,24,2.4,Vendas,Rio de Janeiro,5.0,43,1794.42
105.338.488-37,Product Manager,18737.5,45,1.1,Marketing,São Paulo,9.0,33,2646.17
568.505.526-78,Product Manager,19706.94,40,7.0,Produto,São Paulo,3.6,30,1504.56
773.824.319-17,Team Member,7104.34,43,13.8,TI,Brasília,5.5,31,439.72
643.757.965-58,Product Manager,18288.9,54,14.7,Vendas,Salvador,8.5,34,3343.79
729.284.737-23,Product Manager,14221.77,32,4.7,Vendas,Recife,2.7,33,1326.72
265.182.956-50,Team Member,11048.79,54,7.7,Produto,Porto Alegre,7.7,49,846.01
414.389.783-43,Team Member,9522.23,42,9.6,TI,Manaus,5.9,45,1236.04
831.262.544-81,Product Manager,13606.9,44,9.2,Marketing,Fortaleza,3.4,33,915.74
193.146.786-66,Tech Lead,15727.25,48,13.9,TI,Fortaleza,5.5,38,950.45
116.347.627-91,Team Member,7307.94,36,12.9,TI,São Paulo,1.4,46,830.84
109.978.390-57,Tech Lead,15214.73,32,11.2,Vendas,São Paulo,6.0,33,1059.67
879.851.702-99,Product Manager,18367.17,42,10.8,TI,Porto Alegre,2.3,49,2780.25
373.764.111-40,Team Member,5585.7,52,6.4,Produto,São Paulo,5.6,50,782.6
197.148.283-64,Group Product Manager,27413.37,55,5.0,Marketing,Manaus,6.5,50,2212.92
727.862.490-68,Product Manager,12443.62,41,2.3,Marketing,Curitiba,4.4,47,2141.29
450.165.600-93,Product Manager,13891.82,41,5.5,Marketing,Brasília,9.0,34,1328.9
278.310.694-62,Product Manager,17993.99,24,13.9,Produto,São Paulo,3.2,31,2510.25
136.243.147-82,Product Manager,13915.13,54,14.2,Marketing,Manaus,5.7,38,1879.58
648.547.576-60,Product Manager,13253.58,34,4.2,TI,Salvador,6.3,46,817.15
447.941.518-68,Group Product Manager,23488.3,50,14.7,Marketing,Salvador,9.5,46,2494.06
106.541.166-44,Product Manager,16302.36,42,2.7,TI,Manaus,2.4,46,3245.23
724.871.766-36,Team Member,5341.15,31,8.7,Marketing,Brasília,1.9,35,384.56
559.315.969-98,Team Member,9250.76,43,4.2,Marketing,Curitiba,7.8,35,1240.21
914.700.212-27,Tech Lead,22033.29,46,10.8,Marketing,Fortaleza,1.3,35,2802.47
732.664.988-72,Tech Lead,21954.54,40,9.3,Produto,Porto Alegre,9.8,36,3474.98
964.517.110-10,Tech Lead,17895.06,56,12.0,Vendas,Salvador,7.5,46,2202.2
805.868.629-17,Tech Lead,22669.08,30,3.5,TI,Belo Horizonte,1.9,32,1912.99
193.506.642-70,Product Manager,16261.61,58,12.4,Marketing,São Paulo,7.8,31,2623.22
114.983.418-19,Team Member,11606.95,50,9.7,Produto,Salvador,5.3,37,1313.69
776.253.983-17,Team Member,7042.29,42,7.5,Marketing,Fortaleza,9.4,47,1370.2
271.720.981-25,Tech Lead,20722.68,53,3.0,Produto,Salvador,7.5,33,3099.44
862.393.530-70,Product Manager,12741.0,48,14.1,Produto,São Paulo,7.4,31,838.23
641.341.718-20,Product Manager,18573.09,43,9.8,TI,São Paulo,2.8,36,3142.59
395.772.679-86,Group Product Manager,27046.2,35,9.4,Marketing,Fortaleza,1.6,43,4582.32
508.918.825-65,Tech Lead,17493.54,39,0.7,Marketing,Fortaleza,1.6,50,2660.57
279.443.104-68,Team Member,5609.11,59,9.2,TI,Brasília,3.4,34,485.24
447.685.224-17,Team Member,11354.91,39,13.8,Vendas,Porto Alegre,8.0,40,1164.94
961.393.709-30,Product Manager,17745.12,57,3.5,Vendas,Manaus,4.8,44,3452.76
488.937.968-79,Tech Lead,21129.15,57,5.7,Marketing,Recife,7.4,37,1134.65
519.705.690-67,Group Product Manager,28925.81,34,7.6,Vendas,Fortaleza,2.5,48,4391.07
122.504.160-88,Team Member,5411.59,33,8.9,Produto,Rio de Janeiro,2.7,40,580.33
495.108.505-22,Tech Lead,15150.16,57,8.3,Vendas,Porto Alegre,6.9,45,857.33
923.518.155-75,Product Manager,14902.27,42,8.7,Vendas,Rio de Janeiro,2.0,32,1281.94
527.708.939-17,Product Manager,14989.73,51,7.3,Produto,Fortaleza,7.4,33,1086.24
449.658.553-55,Tech Lead,22847.49,35,11.1,Vendas,Recife,5.4,33,3965.69
167.100.654-17,Team Member,8934.94,25,10.3,Vendas,Manaus,5.0,40,1195.95
881.971.381-78,Tech Lead,15561.26,48,6.1,Marketing,Fortaleza,9.2,32,818.75
950.580.102-61,Product Manager,19523.63,57,10.8,Produto,São Paulo,6.9,33,1234.87
557.185.618-29,Group Product Manager,23481.62,50,2.5,Marketing,Recife,2.6,35,3356.52
545.306.427-92,Tech Lead,23250.23,60,7.8,Produto,Salvador,6.5,30,2282.23
682.606.466-82,Tech Lead,17129.63,33,6.4,TI,Rio de Janeiro,1.5,45,1582.39
438.123.535-43,Team Member,7135.6,54,11.1,Marketing,Belo Horizonte,7.0,37,905.3
150.639.427-45,Product Manager,12574.71,54,9.3,Marketing,Recife,5.1,43,1066.72
741.104.897-58,Product Manager,14163.22,29,3.7,TI,Porto Alegre,9.6,35,2339.93
632.855.245-88,Group Product Manager,21474.02,23,0.8,Marketing,Porto Alegre,4.9,48,3516.47
963.380.841-17,Tech Lead,18811.02,52,1.1,TI,Manaus,7.2,32,2683.93
907.535.872-20,Product Manager,19379.83,50,10.4,Vendas,Salvador,3.2,36,3172.62
648.751.278-54,Tech Lead,16351.04,45,9.0,Marketing,Rio de Janeiro,8.1,33,1302.0
929.637.959-28,Team Member,5868.9,37,9.2,TI,Brasília,1.1,30,797.41
852.213.292-97,Product Manager,18414.16,55,13.3,Marketing,Brasília,5.1,35,1815.89
349.807.860-77,Group Product Manager,27661.41,60,6.8,TI,Rio de Janeiro,8.0,37,4876.04
606.752.890-83,Group Product Manager,22734.04,57,7.5,Produto,Brasília,5.4,31,3800.2
603.435.370-53,Product Manager,17533.97,27,1.2,Vendas,Porto Alegre,4.4,44,933.21
403.692.837-83,Team Member,5176.75,34,12.4,Vendas,Belo Horizonte,3.9,30,536.37
526.588.741-89,Tech Lead,15619.4,25,1.1,TI,Brasília,3.4,50,1597.53
504.371.303-45,Group Product Manager,34126.32,52,2.4,TI,Fortaleza,6.6,46,3797.34
844.727.626-10,Group Product Manager,27714.61,31,14.0,Produto,Belo Horizonte,4.7,50,4692.27
595.543.966-10,Team Member,10516.1,55,5.6,Produto,Porto Alegre,8.4,37,1780.78
589.213.814-75,Tech Lead,23987.45,53,14.0,Produto,Salvador,4.7,35,3014.17
466.843.780-38,Product Manager,15451.89,42,10.1,Vendas,Manaus,4.1,38,2999.84
237.305.344-30,Team Member,11793.79,46,6.1,Marketing,Porto Alegre,5.9,32,1123.88
291.657.626-66,Team Member,6304.7,37,13.1,Vendas,São Paulo,4.5,31,673.81
412.797.362-41,Group Product Manager,21391.86,47,13.9,Marketing,Brasília,6.1,31,4098.68
412.101.723-94,Product Manager,16916.21,44,5.3,Marketing,Brasília,5.2,34,2632.33
652.753.856-19,Product Manager,12419.39,52,3.5,Marketing,Brasília,7.1,35,905.36
172.120.771-95,Tech Lead,19534.3,41,8.6,TI,Porto Alegre,9.7,31,3489.55
359.420.821-98,Team Member,11647.39,57,9.2,Vendas,Brasília,9.1,35,994.89
803.393.592-68,Tech Lead,24547.17,34,2.6,Vendas,Porto Alegre,3.1,49,2961.63
327.697.228-75,Team Member,9067.35,54,0.6,Marketing,Salvador,4.0,32,1194.99
501.480.567-20,Group Product Manager,20780.6,47,6.7,Marketing,Porto Alegre,8.9,47,3454.25
950.781.558-82,Group Product Manager,34782.79,33,13.9,Marketing,Porto Alegre,5.3,47,6398.91
394.769.388-24,Team Member,10295.58,41,1.2,Vendas,Belo Horizonte,9.6,34,887.63
792.206.808-81,Team Member,10002.65,28,10.1,Produto,Recife,7.2,34,944.13
478.137.204-81,Tech Lead,17429.72,59,9.7,Marketing,Fortaleza,3.6,33,904.45
510.893.599-52,Group Product Manager,32125.06,29,10.1,Produto,Belo Horizonte,3.0,40,2060.88
259.673.388-46,Group Product Manager,30027.42,22,2.4,TI,Brasília,5.4,48,4697.98
630.903.506-56,Group Product Manager,23034.08,42,2.6,Marketing,Belo Horizonte,6.2,46,3613.2
500.132.998-37,Group Product Manager,24714.3,32,4.4,Marketing,Porto Alegre,9.9,44,4390.31
909.431.291-35,Team Member,8709.84,32,11.9,Produto,Fortaleza,4.9,35,1622.05
237.753.819-72,Group Product Manager,24635.55,47,5.2,Vendas,Curitiba,1.1,43,4133.07
192.358.358-24,Team Member,6027.61,36,11.8,Produto,São Paulo,2.9,35,1123.35
717.873.710-73,Team Member,6037.76,45,10.4,Produto,Brasília,1.6,40,939.22
773.818.797-93,Team Member,9440.2,48,2.0,Vendas,Fortaleza,6.4,46,1672.87
508.198.923-32,Group Product Manager,20100.44,41,4.4,Produto,Manaus,2.0,46,3689.02
468.310.648-72,Team Member,5155.97,31,3.3,Vendas,Manaus,7.9,38,996.54
942.755.349-46,Tech Lead,19256.77,22,13.4,Produto,Rio de Janeiro,9.2,39,2959.62
374.472.230-66,Team Member,9143.52,31,1.3,TI,São Paulo,7.0,48,591.7
604.553.677-31,Group Product Manager,32946.18,45,9.8,TI,Fortaleza,2.5,49,4573.59
832.712.555-96,Team Member,11558.49,24,6.9,Vendas,Curitiba,6.1,36,889.26
201.748.557-41,Tech Lead,17567.7,58,7.0,Marketing,São Paulo,1.4,50,3191.61
770.567.329-66,Tech Lead,20474.8,52,2.2,Produto,Curitiba,3.9,43,4010.97
637.535.958-80,Tech Lead,21103.35,27,6.4,Marketing,Salvador,8.9,47,2498.95
803.497.937-31,Team Member,8639.15,33,5.3,Produto,Manaus,1.7,30,1139.15
493.114.316-77,Group Product Manager,25838.05,59,1.2,TI,Manaus,9.8,50,1571.37
106.611.609-15,Product Manager,15774.59,26,1.4,TI,Salvador,1.0,39,1509.29
522.939.732-79,Tech Lead,18243.79,34,1.0,Produto,São Paulo,6.2,50,3166.19
146.189.306-13,Group Product Manager,29252.33,42,10.6,Marketing,Salvador,2.2,34,4970.36
968.148.427-34,Team Member,6154.76,54,7.1,Marketing,Manaus,4.4,31,843.13
610.899.816-30,Product Manager,16992.35,53,4.9,Produto,Salvador,9.6,33,2432.54
169.895.967-59,Group Product Manager,24513.51,23,8.6,TI,Rio de Janeiro,3.6,49,1953.19
217.351.278-21,Team Member,5343.31,25,11.1,Produto,Porto Alegre,2.2,32,404.6
979.191.627-78,Group Product Manager,32898.42,31,5.0,TI,Rio de Janeiro,6.9,37,5554.2
896.797.337-36,Product Manager,15599.15,39,11.9,Produto,São Paulo,2.9,41,1459.11
911.965.970-25,Group Product Manager,24283.54,50,2.1,Produto,Brasília,3.4,36,1925.13
225.870.227-31,Group Product Manager,20439.44,32,9.7,Marketing,Manaus,9.7,46,1343.89
840.192.200-16,Group Product Manager,33882.77,45,7.0,Vendas,Brasília,6.9,30,2265.83
680.760.786-24,Product Manager,19721.53,29,12.3,Marketing,Recife,8.7,33,1203.15
359.731.351-64,Team Member,9049.94,43,0.7,Vendas,Porto Alegre,2.7,30,1465.32
736.319.642-57,Team Member,9271.11,49,10.0,Vendas,Curitiba,6.1,35,1250.0
850.309.948-30,Group Product Manager,23328.29,50,5.7,TI,São Paulo,7.1,49,4478.43
554.186.801-41,Group Product Manager,29733.24,23,3.1,Produto,Manaus,2.2,46,3642.03
921.978.975-95,Group Product Manager,26268.49,47,2.9,Vendas,Curitiba,1.9,32,3604.67
530.905.536-42,Team Member,7911.56,48,5.6,TI,Fortaleza,8.0,35,1389.32
535.150.784-55,Team Member,7619.73,33,9.6,TI,Brasília,7.1,32,1359.49
612.540.580-66,Tech Lead,16853.59,38,7.5,TI,Porto Alegre,9.4,37,1002.94
525.191.163-77,Tech Lead,20616.9,48,5.7,TI,Porto Alegre,8.6,33,3910.85
599.468.567-62,Product Manager,15287.78,30,8.9,Produto,Salvador,1.2,42,1043.97
873.448.589-78,Team Member,5826.64,33,4.1,Marketing,Recife,8.7,41,1144.15
879.614.270-12,Tech Lead,24290.77,29,6.2,Produto,Brasília,5.4,37,2837.05
432.368.857-83,Tech Lead,18718.29,59,5.9,Produto,Salvador,7.4,44,2123.05
415.215.279-44,Product Manager,16438.96,49,5.1,Produto,São Paulo,6.9,49,2424.98
817.505.315-25,Tech Lead,17091.55,35,4.1,Produto,Fortaleza,3.2,50,2582.2
939.986.989-23,Team Member,8971.58,25,6.6,TI,Manaus,8.1,45,776.55
615.346.213-70,Group Product Manager,27429.75,53,4.8,Vendas,Porto Alegre,3.0,45,4657.43
648.349.599-29,Group Product Manager,27609.85,34,3.3,Vendas,São Paulo,3.4,36,4371.0
491.604.515-11,Product Manager,14738.78,33,10.2,Vendas,Salvador,5.2,47,2473.28
227.927.985-79,Team Member,5066.07,30,5.7,Produto,São Paulo,6.7,50,401.46
657.113.988-42,Tech Lead,24324.56,49,10.5,Produto,Recife,2.7,32,1959.72
901.818.384-59,Team Member,5438.71,45,5.5,Marketing,Salvador,9.0,34,415.47
391.535.550-42,Tech Lead,17792.39,58,5.0,Produto,Belo Horizonte,7.5,47,898.35
428.345.309-81,Group Product Manager,28594.61,34,2.0,Produto,Fortaleza,7.3,50,2133.17
931.249.784-71,Team Member,8372.62,51,4.7,TI,Brasília,3.9,42,1563.77
916.365.322-10,Team Member,7053.77,51,4.9,Vendas,Rio de Janeiro,8.0,31,664.4
487.487.962-77,Tech Lead,20908.89,37,10.3,TI,Curitiba,5.4,41,3294.39
960.512.395-58,Team Member,11114.16,43,1.5,Vendas,Salvador,4.6,34,1931.47
968.514.113-22,Team Member,10216.69,29,13.7,TI,Recife,5.6,33,1482.26
505.104.320-44,Group Product Manager,34123.62,45,6.5,Produto,Brasília,9.1,30,3264.25
700.502.350-85,Product Manager,17032.34,60,10.0,Marketing,Belo Horizonte,5.0,50,1958.06
390.131.481-43,Team Member,7198.46,22,8.1,Marketing,Rio de Janeiro,3.3,46,1341.99
696.814.565-47,Group Product Manager,30123.88,44,0.9,Marketing,Brasília,4.4,50,3232.46
195.783.404-53,Group Product Manager,21538.37,55,11.7,Marketing,Curitiba,8.1,40,2785.97
576.996.816-62,Team Member,6339.97,43,1.5,Marketing,Belo Horizonte,2.6,39,659.3
120.674.839-93,Group Product Manager,21394.53,46,7.4,TI,Recife,2.2,42,3788.24
870.459.575-54,Product Manager,13564.82,22,1.7,Marketing,Porto Alegre,1.0,42,2487.5
793.610.593-12,Product Manager,19503.76,45,12.6,TI,Curitiba,5.9,33,3373.63
538.981.337-39,Tech Lead,17294.35,34,7.7,Produto,Curitiba,4.9,47,1365.87
789.597.854-32,Group Product Manager,33009.97,35,9.7,TI,Curitiba,3.8,34,5299.93
503.784.178-14,Product Manager,15439.64,43,11.0,TI,Brasília,9.0,47,1615.19
149.741.191-14,Team Member,11280.29,29,5.5,TI,Manaus,8.4,36,657.99
298.978.446-65,Team Member,9909.54,23,3.9,Produto,Brasília,3.3,33,708.05
977.109.749-24,Group Product Manager,27548.77,48,3.8,Produto,Manaus,9.7,50,4280.0
611.843.172-81,Tech Lead,18598.96,53,1.2,Marketing,Salvador,3.8,37,1038.55
893.741.543-64,Product Manager,14402.95,45,9.4,Vendas,Salvador,8.7,41,2464.5
527.306.990-92,Team Member,8568.24,48,11.4,Produto,Recife,8.4,48,965.54
633.644.748-20,Team Member,9966.37,55,1.6,Produto,Rio de Janeiro,1.5,33,1932.66
803.851.867-37,Tech Lead,24044.26,38,14.7,TI,Curitiba,3.4,36,4614.24
692.529.439-24,Tech Lead,18078.95,28,13.0,TI,Salvador,2.4,30,2014.13
531.190.248-58,Team Member,5528.96,53,5.4,Produto,Fortaleza,1.2,40,1013.85
129.867.737-64,Tech Lead,15961.01,28,4.0,Marketing,Manaus,1.9,40,1720.79
392.983.966-99,Group Product Manager,29640.12,47,14.1,Vendas,Curitiba,6.6,41,2048.33
354.349.828-22,Product Manager,18210.46,45,4.8,Marketing,Manaus,8.6,30,1453.73
470.708.639-38,Tech Lead,22341.71,60,1.0,Vendas,Belo Horizonte,6.8,32,3118.47
481.265.807-11,Team Member,8181.04,44,4.1,Marketing,Curitiba,6.9,47,613.21
676.716.365-91,Product Manager,18229.77,58,4.5,Vendas,Manaus,3.7,45,2304.83
445.463.168-66,Team Member,7997.52,47,14.0,Marketing,Rio de Janeiro,5.0,36,875.53
712.652.211-45,Tech Lead,20862.13,60,6.9,Vendas,Manaus,3.7,32,2733.02
919.983.262-10,Tech Lead,17980.9,29,6.8,Marketing,Porto Alegre,4.1,31,1649.63
144.614.514-94,Team Member,6100.03,27,6.1,Vendas,Brasília,9.0,37,367.17
212.243.171-66,Team Member,7439.96,45,6.5,Vendas,São Paulo,1.1,45,457.71
874.893.234-18,Product Manager,18360.77,52,11.7,Marketing,São Paulo,1.8,38,1969.44
878.343.191-54,Product Manager,18061.52,34,5.5,Produto,Recife,4.6,41,1703.43
783.939.996-16,Group Product Manager,29795.34,50,6.2,Vendas,Curitiba,5.6,40,5662.24
207.379.744-61,Team Member,6110.04,56,2.8,Produto,Porto Alegre,6.2,31,567.07
633.970.253-35,Tech Lead,19812.45,49,3.9,TI,Manaus,5.0,30,3067.56
646.965.109-78,Team Member,5712.42,55,9.6,Produto,Rio de Janeiro,6.3,36,897.44
533.875.502-46,Product Manager,16111.68,44,4.1,Vendas,Salvador,6.6,50,1964.8
739.361.264-93,Team Member,8762.26,46,12.3,TI,Belo Horizonte,6.6,35,982.92
459.253.510-33,Team Member,9289.28,36,3.7,TI,Rio de Janeiro,4.9,46,797.92
888.823.458-57,Group Product Manager,29528.89,46,2.1,Produto,Recife,4.9,50,5531.72
720.385.244-94,Group Product Manager,20644.64,48,10.5,TI,Recife,6.5,48,2655.92
824.501.431-32,Team Member,8851.4,49,14.7,Marketing,Rio de Janeiro,4.5,42,1344.3
838.427.633-36,Product Manager,19903.09,44,4.7,TI,Belo Horizonte,9.7,35,1564.77
950.971.410-86,Product Manager,16626.48,49,13.5,Marketing,Salvador,3.4,45,1761.98
843.768.864-83,Product Manager,15897.6,36,14.9,Produto,Brasília,8.9,47,1737.23
667.245.637-76,Group Product Manager,28113.44,30,9.0,Produto,Rio de Janeiro,1.8,30,1490.46
897.231.224-84,Product Manager,13630.78,24,3.4,TI,Brasília,5.3,40,1948.54
609.759.253-99,Product Manager,12679.79,26,2.1,TI,Porto Alegre,10.0,40,2218.56
366.823.311-68,Team Member,7374.88,52,10.7,Produto,Belo Horizonte,9.1,33,1099.45
788.563.406-38,Tech Lead,17562.77,58,9.3,Marketing,Recife,2.1,38,2944.03
463.106.756-57,Tech Lead,16487.26,37,2.8,TI,Porto Alegre,4.8,32,1488.75
700.217.288-52,Tech Lead,17400.07,44,14.7,Produto,Recife,1.7,30,2870.53
926.867.434-97,Group Product Manager,24953.14,31,1.8,Marketing,Rio de Janeiro,2.0,41,4786.14
750.611.891-66,Product Manager,19510.77,30,10.1,Produto,Manaus,5.9,38,2848.81
200.584.572-48,Product Manager,19847.94,33,3.3,TI,Curitiba,1.4,50,2774.0
971.550.575-24,Tech Lead,24365.42,32,8.4,TI,Brasília,5.5,32,4225.91
190.527.725-39,Tech Lead,17063.01,23,10.1,Produto,Fortaleza,2.4,36,3128.8
304.820.924-95,Team Member,5279.59,60,0.7,Produto,Manaus,1.0,30,687.63
622.140.987-10,Tech Lead,21170.1,39,14.0,Vendas,Belo Horizonte,3.1,38,2127.15
211.432.646-55,Tech Lead,15789.8,24,3.0,Marketing,Manaus,5.2,34,1012.17
931.461.643-72,Group Product Manager,25633.91,30,1.2,Marketing,Curitiba,1.9,44,2856.75
713.632.209-10,Tech Lead,20528.33,56,7.9,Produto,Rio de Janeiro,8.2,46,2600.37
979.953.168-29,Product Manager,15059.1,44,2.3,TI,Salvador,1.8,34,1260.22
907.496.416-89,Group Product Manager,29701.03,41,5.4,Produto,Curitiba,6.6,41,2382.06
713.248.996-93,Product Manager,16877.09,44,0.7,Vendas,Curitiba,2.4,47,1420.87
160.348.301-61,Tech Lead,19978.41,26,12.9,Marketing,Porto Alegre,4.7,34,1242.8
952.756.442-57,Team Member,7788.03,36,12.2,Marketing,Rio de Janeiro,5.0,45,517.64
297.116.913-67,Tech Lead,21241.08,56,13.1,Marketing,Porto Alegre,9.8,50,4223.07
729.981.542-73,Group Product Manager,26698.21,45,1.1,Marketing,Brasília,2.4,30,3065.78
609.283.955-74,Team Member,7460.61,32,12.7,Marketing,Salvador,9.7,43,1415.36
630.147.761-52,Group Product Manager,30057.77,44,7.0,TI,Brasília,8.9,43,3142.74
550.288.946-57,Team Member,10530.01,56,1.3,Marketing,Fortaleza,8.3,38,2090.17
626.360.261-36,Product Manager,15203.23,26,5.9,Marketing,Fortaleza,4.0,48,2843.1
576.638.262-83,Tech Lead,21500.58,46,15.0,TI,Salvador,5.5,30,1129.23
317.442.139-28,Product Manager,19451.82,32,2.9,Marketing,Brasília,6.4,49,3394.76
332.681.753-41,Product Manager,17623.32,38,7.4,Produto,São Paulo,4.4,50,2330.44
265.289.825-48,Tech Lead,18070.48,33,8.6,Marketing,Curitiba,3.9,43,2851.54
437.816.839-38,Product Manager,15761.27,24,5.0,Marketing,Porto Alegre,2.5,34,1606.47
531.402.127-22,Team Member,11011.2,47,10.4,TI,Manaus,9.2,47,1219.58
608.355.470-37,Team Member,9296.75,60,10.9,Vendas,São Paulo,7.2,32,756.8
651.924.332-97,Product Manager,15277.66,53,1.7,Marketing,Fortaleza,6.3,38,1061.55
715.916.932-95,Group Product Manager,34942.42,53,10.9,Marketing,Brasília,8.4,30,4065.12
645.752.126-20,Team Member,10370.2,39,7.4,Vendas,Rio de Janeiro,7.6,35,735.63
148.755.683-20,Group Product Manager,21605.87,50,3.6,Produto,Belo Horizonte,9.3,50,2087.82
119.318.478-13,Product Manager,15654.66,48,8.4,TI,Recife,2.6,31,794.7
322.343.715-98,Tech Lead,20936.04,40,13.5,TI,Curitiba,6.7,41,1273.84
619.333.298-63,Group Product Manager,26748.16,26,14.9,Produto,Curitiba,5.6,48,3922.52
164.693.642-77,Product Manager,12384.38,24,14.1,TI,Curitiba,1.9,49,1658.31
612.771.226-46,Group Product Manager,28586.65,41,6.7,Produto,Porto Alegre,5.8,43,5533.44
134.232.231-93,Tech Lead,15802.99,48,9.1,Produto,Manaus,5.4,31,2411.99
351.189.732-62,Product Manager,17925.07,49,11.3,Vendas,Fortaleza,1.8,43,2926.45
303.298.873-54,Group Product Manager,30898.08,36,14.2,Marketing,Manaus,5.2,47,2652.66
845.644.451-61,Product Manager,19985.07,48,5.6,Marketing,Belo Horizonte,5.1,43,1570.04
284.696.118-83,Tech Lead,21570.87,35,0.9,Marketing,Rio de Janeiro,6.7,49,2363.0
204.708.737-26,Team Member,8735.84,56,10.0,Produto,Salvador,8.5,37,1128.4
962.903.406-86,Product Manager,17849.32,48,1.8,TI,Manaus,6.5,41,2810.39
334.434.867-75,Tech Lead,23642.59,37,0.8,Marketing,São Paulo,3.6,39,4271.93
532.216.841-44,Tech Lead,18187.08,57,8.8,Marketing,Rio de Janeiro,1.5,43,2404.19
527.893.755-46,Product Manager,12184.89,24,8.3,Vendas,Curitiba,8.8,50,1394.36
435.514.422-40,Group Product Manager,32466.06,27,13.2,Produto,Fortaleza,9.8,33,5484.6
177.550.799-83,Group Product Manager,28602.73,45,13.9,Marketing,Manaus,2.7,30,5279.42
479.961.238-41,Team Member,10805.17,60,14.6,Marketing,Brasília,5.6,37,2071.2
933.236.302-75,Team Member,5362.67,52,12.2,Marketing,Brasília,3.9,39,669.07
246.392.411-54,Group Product Manager,21026.22,58,7.1,Vendas,São Paulo,2.6,44,3636.54
210.768.558-59,Group Product Manager,22595.01,60,6.8,Vendas,Fortaleza,2.7,31,4095.06
393.254.446-39,Product Manager,19550.01,52,3.7,Vendas,Salvador,1.6,47,1167.49
190.292.219-86,Group Product Manager,25460.92,24,14.8,Vendas,Belo Horizonte,6.6,48,4597.57
804.538.533-16,Group Product Manager,30561.36,26,1.8,TI,Curitiba,7.8,49,4834.47
733.342.338-17,Group Product Manager,21207.24,26,11.7,Produto,Porto Alegre,1.1,37,3168.4
516.658.883-56,Product Manager,12498.01,40,12.1,Vendas,São Paulo,5.7,45,2346.0
231.624.147-23,Tech Lead,18299.08,56,14.5,Vendas,Curitiba,9.5,33,2880.57
906.966.654-46,Tech Lead,21978.06,56,10.2,TI,Salvador,8.5,50,2060.25
383.255.503-96,Team Member,9157.01,51,1.1,Produto,Salvador,1.8,39,1287.59
435.504.233-77,Tech Lead,24048.42,40,6.0,Vendas,Fortaleza,8.7,42,4808.48
647.989.493-15,Tech Lead,18597.19,32,1.0,Marketing,Salvador,4.6,43,1723.66
654.104.813-24,Group Product Manager,25847.75,59,2.9,TI,Manaus,3.2,32,2422.46
384.971.576-70,Group Product Manager,29030.83,44,2.5,TI,Brasília,3.9,39,3995.38
170.435.667-45,Tech Lead,18711.5,50,0.7,Vendas,Fortaleza,3.6,49,2422.15
408.558.712-80,Tech Lead,23027.87,53,11.9,Marketing,Porto Alegre,3.9,43,2205.56
680.878.152-24,Team Member,6704.11,27,7.4,Vendas,Fortaleza,8.2,30,336.35
575.415.816-90,Tech Lead,15644.85,41,13.2,Produto,Brasília,8.6,33,1179.63
812.278.140-91,Team Member,7187.12,23,12.2,Produto,Fortaleza,6.7,48,792.93
458.610.879-79,Team Member,7604.85,59,14.5,Marketing,São Paulo,9.2,44,1321.05
840.458.393-22,Tech Lead,19865.3,22,8.7,Produto,Brasília,3.3,32,3173.88
814.595.409-56,Team Member,7026.94,28,8.1,Marketing,São Paulo,3.1,30,1056.52
521.344.718-86,Tech Lead,16900.2,22,12.2,TI,Manaus,9.6,48,1619.7
133.186.319-99,Product Manager,14121.79,39,0.6,Marketing,Rio de Janeiro,5.1,45,775.72
483.789.836-43,Product Manager,18495.61,35,7.9,Marketing,Belo Horizonte,1.8,43,2123.07
352.617.890-19,Group Product Manager,34390.86,31,13.1,Produto,Brasília,5.0,33,5672.65
518.803.915-21,Group Product Manager,31513.94,32,13.3,TI,Belo Horizonte,5.0,47,4220.03
646.482.768-84,Team Member,6066.34,44,14.9,Marketing,Fortaleza,8.2,40,624.67
308.299.358-33,Product Manager,13382.22,52,9.5,Vendas,Manaus,9.9,41,1261.31
286.828.333-88,Group Product Manager,32193.17,53,10.3,Produto,Belo Horizonte,4.8,47,4134.44
759.574.392-76,Product Manager,17344.41,47,3.1,Vendas,Brasília,5.0,33,2905.81
172.262.784-75,Tech Lead,20981.73,34,7.9,Marketing,Fortaleza,4.2,39,4032.95
814.313.472-49,Group Product Manager,23027.76,43,13.7,Vendas,Recife,8.7,40,2259.73
804.580.836-76,Team Member,10129.48,40,10.1,Marketing,Porto Alegre,3.3,43,1734.48
259.382.979-10,Group Product Manager,31813.34,53,14.3,Produto,Recife,2.0,46,3701.66
597.249.486-16,Tech Lead,24155.23,43,14.1,Vendas,Manaus,1.0,40,1737.24
534.990.941-82,Team Member,6335.78,32,8.6,Marketing,Porto Alegre,7.0,49,636.26
549.551.228-12,Team Member,8973.34,57,7.2,Marketing,Belo Horizonte,1.9,39,595.32
187.936.366-69,Product Manager,13431.64,34,7.5,Vendas,Manaus,6.1,50,2479.8
799.259.550-12,Team Member,5388.13,40,7.6,TI,Porto Alegre,9.5,37,734.7
179.514.867-38,Group Product Manager,22705.67,33,5.9,Marketing,São Paulo,9.1,43,1801.9
434.967.228-63,Team Member,10737.12,51,3.9,Produto,Salvador,4.4,45,1193.63
581.327.848-52,Product Manager,14978.71,55,3.2,Produto,Manaus,6.3,42,2893.99
230.270.730-65,Tech Lead,19548.08,49,2.2,TI,Fortaleza,9.5,35,1464.23
989.494.271-51,Team Member,5755.19,28,11.0,Vendas,São Paulo,8.3,35,750.59
580.401.406-53,Product Manager,17611.91,35,13.4,Produto,Porto Alegre,3.8,30,1677.92
635.976.384-40,Team Member,6874.8,54,1.8,Marketing,Salvador,1.7,33,435.77
407.471.941-90,Group Product Manager,23815.3,23,13.5,Produto,Brasília,9.3,33,4300.11
321.285.865-22,Tech Lead,22869.1,32,3.2,Marketing,Rio de Janeiro,6.2,35,1565.66
421.619.474-33,Team Member,5685.07,59,11.6,Produto,Belo Horizonte,1.5,47,1060.38
250.157.526-43,Team Member,11501.61,24,0.6,Marketing,Belo Horizonte,2.9,30,2039.17
352.146.402-33,Group Product Manager,31595.57,29,12.0,TI,Porto Alegre,1.9,42,3115.42
511.659.911-40,Tech Lead,16693.12,43,5.8,TI,Salvador,5.6,35,2629.98
179.241.842-14,Team Member,8834.94,24,8.9,TI,Recife,3.5,30,566.92
495.519.765-55,Product Manager,12184.32,33,3.6,TI,Manaus,2.7,44,612.49
849.511.642-73,Group Product Manager,29462.02,56,12.6,Marketing,Manaus,6.4,33,3328.52
532.142.715-53,Group Product Manager,20321.6,57,5.3,Vendas,Belo Horizonte,8.9,31,1419.8
254.439.730-53,Product Manager,13749.85,32,7.2,TI,Recife,1.7,30,752.61
369.467.808-13,Product Manager,12931.48,60,8.8,Marketing,Manaus,3.8,46,2375.76
157.393.337-50,Group Product Manager,32779.6,40,12.3,Vendas,Fortaleza,8.3,41,2412.89
593.900.291-32,Team Member,5063.86,44,9.3,TI,Porto Alegre,3.2,47,800.04
659.752.216-65,Group Product Manager,20071.26,48,2.0,TI,Fortaleza,8.9,36,3499.65
223.757.535-64,Team Member,7717.54,51,10.8,Marketing,Brasília,3.3,37,1342.02
625.537.177-64,Tech Lead,24112.99,49,2.9,Marketing,Fortaleza,9.4,40,4313.61
499.319.228-31,Product Manager,16632.09,30,8.8,Marketing,Brasília,8.6,32,3125.3
977.422.311-32,Tech Lead,15864.99,52,11.9,Vendas,Brasília,3.1,43,1844.95
744.971.207-56,Product Manager,19829.12,52,14.7,Vendas,São Paulo,9.6,49,2047.17
650.348.190-91,Team Member,7679.25,47,7.8,TI,Brasília,3.3,47,854.46
492.404.816-33,Team Member,5307.31,35,10.6,Marketing,Rio de Janeiro,6.7,50,385.69
589.387.715-92,Product Manager,13401.3,55,11.3,TI,São Paulo,2.6,32,2491.04
829.869.479-85,Group Product Manager,23690.54,31,14.3,Vendas,Curitiba,9.0,43,2372.22
653.249.797-19,Product Manager,16567.57,38,7.2,Vendas,Manaus,6.9,39,1783.3
805.725.624-31,Team Member,11005.65,55,4.8,Produto,Porto Alegre,7.2,36,1948.3
636.286.230-47,Tech Lead,20313.12,22,3.5,TI,Manaus,2.6,43,3810.3
411.479.398-78,Group Product Manager,28573.04,52,8.6,Marketing,Fortaleza,7.7,31,3387.46
546.326.528-46,Team Member,9647.4,54,0.6,Produto,Manaus,5.3,34,700.74
587.901.497-13,Group Product Manager,25577.36,38,10.8,TI,Salvador,5.7,42,3202.23
702.392.630-16,Product Manager,13729.91,49,14.1,Vendas,Rio de Janeiro,8.1,50,1382.2
579.828.204-78,Team Member,8629.53,26,7.0,TI,Manaus,1.9,31,1166.68
566.406.495-11,Product Manager,17905.06,43,5.8,Marketing,Curitiba,4.6,30,2422.69
513.960.402-20,Team Member,8366.04,60,6.4,Produto,Porto Alegre,5.1,44,791.1
509.995.797-87,Tech Lead,21205.1,42,10.7,Vendas,Manaus,5.0,32,3853.71
800.238.921-88,Team Member,6493.21,50,5.8,TI,Brasília,3.4,41,1052.93
603.910.973-36,Tech Lead,17342.74,33,2.4,Marketing,Fortaleza,5.4,43,1092.44
862.259.190-45,Tech Lead,21366.58,27,11.2,Marketing,Manaus,6.3,35,2120.07
550.333.522-77,Group Product Manager,20029.97,42,8.9,Marketing,Curitiba,3.0,38,2895.98
815.989.480-67,Group Product Manager,28802.95,43,13.4,Produto,Rio de Janeiro,2.8,42,4969.29
845.426.381-88,Group Product Manager,22054.28,59,5.8,Vendas,Porto Alegre,6.1,34,3326.41
468.655.895-26,Tech Lead,24275.86,49,0.9,Marketing,Recife,7.9,33,4816.98
277.338.109-32,Team Member,5071.38,45,6.7,TI,Belo Horizonte,9.1,30,563.48
729.846.724-83,Tech Lead,16099.23,46,10.2,TI,Salvador,3.4,44,1284.58
623.271.859-66,Group Product Manager,20926.0,41,3.6,Produto,Brasília,9.3,49,2082.84
799.451.159-12,Product Manager,18443.85,48,5.8,Produto,Salvador,7.1,38,3266.31
836.363.429-64,Team Member,5791.45,27,14.6,Vendas,Porto Alegre,6.5,40,494.06
807.981.502-55,Product Manager,15899.56,38,14.3,Produto,Porto Alegre,3.9,31,2339.95
391.448.542-70,Product Manager,13403.16,39,1.4,Produto,Belo Horizonte,6.7,39,2586.96
550.809.380-24,Tech Lead,24742.34,46,1.3,TI,Salvador,4.9,43,2669.36
242.551.448-69,Group Product Manager,21185.12,34,6.1,Vendas,Curitiba,9.1,43,1838.71
463.161.630-38,Tech Lead,15893.46,50,4.6,Vendas,Rio de Janeiro,8.0,48,1545.01
958.706.357-91,Team Member,8885.15,47,14.9,Produto,Recife,6.2,34,1431.63
293.976.565-90,Product Manager,16195.66,55,6.4,Produto,Recife,9.0,45,2357.73
203.327.433-14,Tech Lead,22307.34,47,4.0,Vendas,Salvador,4.8,34,3284.63
548.624.938-91,Team Member,6688.11,41,4.2,Marketing,Recife,8.3,47,1046.45
683.559.789-81,Group Product Manager,27584.69,40,0.5,Vendas,Recife,5.0,38,3818.97
365.616.181-54,Product Manager,19775.45,29,12.3,Produto,Brasília,8.8,32,1780.73
465.666.224-83,Group Product Manager,32381.33,56,3.0,Vendas,Salvador,4.4,37,2390.34
424.511.398-26,Product Manager,14983.34,54,2.4,Produto,Fortaleza,1.6,43,1148.79
175.193.568-57,Team Member,6971.05,37,11.2,Produto,Belo Horizonte,1.8,50,905.61
792.486.687-24,Product Manager,12049.7,22,13.6,Marketing,São Paulo,8.2,47,1930.71
327.967.151-78,Tech Lead,23123.32,26,4.6,TI,Rio de Janeiro,9.0,35,4532.78
178.345.125-96,Tech Lead,17927.67,50,3.4,TI,Brasília,2.7,34,1721.93
477.888.418-10,Product Manager,18143.67,45,8.1,Vendas,Porto Alegre,5.6,45,1565.52
877.274.196-54,Tech Lead,21548.96,52,4.8,Vendas,Manaus,2.3,47,3750.6
156.544.655-20,Product Manager,14821.33,28,4.8,Marketing,Belo Horizonte,8.1,31,948.86
205.170.227-44,Tech Lead,18333.25,22,10.6,Marketing,Salvador,7.7,33,3052.84
899.263.943-88,Tech Lead,18474.22,38,4.1,Marketing,Brasília,1.6,47,3306.02
148.400.329-76,Tech Lead,17533.5,28,11.9,TI,Rio de Janeiro,8.9,49,1146.11
426.189.515-49,Team Member,7475.5,44,6.4,TI,Porto Alegre,1.7,49,759.32
141.241.543-36,Tech Lead,16983.31,25,14.5,Vendas,Manaus,3.2,47,1736.9
794.325.603-19,Group Product Manager,28767.58,33,10.4,Produto,Belo Horizonte,8.9,35,2671.1
281.154.245-88,Group Product Manager,21166.18,40,5.7,Vendas,Curitiba,2.8,35,3307.91
278.767.362-33,Product Manager,19377.03,39,10.5,Vendas,Fortaleza,5.6,35,2154.7
473.863.904-63,Tech Lead,22905.79,36,3.8,Marketing,Belo Horizonte,6.9,49,2869.99
635.291.868-93,Team Member,11909.36,48,4.7,TI,Curitiba,1.8,41,1880.34
605.776.345-56,Tech Lead,17144.03,54,7.9,Vendas,Rio de Janeiro,6.8,39,1459.48
564.411.517-56,Group Product Manager,25875.98,47,4.8,Vendas,Curitiba,8.1,45,1447.03
556.378.459-11,Group Product Manager,30917.3,51,10.0,Marketing,Manaus,4.8,42,3317.91
125.587.763-65,Team Member,6075.75,43,12.0,TI,Belo Horizonte,2.4,46,896.07
937.418.971-23,Group Product Manager,30022.8,34,13.5,Vendas,Brasília,8.3,32,5382.9
728.839.184-65,Tech Lead,15518.04,49,8.3,TI,Rio de Janeiro,1.7,30,1940.75
632.192.183-73,Group Product Manager,21689.81,36,13.7,Vendas,Belo Horizonte,4.4,42,1782.22
409.534.184-32,Tech Lead,24777.46,58,1.5,TI,Manaus,9.9,48,2119.31
751.701.669-85,Group Product Manager,32661.2,37,12.8,TI,Manaus,1.5,30,5276.72
439.892.609-43,Team Member,11332.93,60,8.6,Marketing,Rio de Janeiro,8.5,38,1594.04
247.735.100-49,Product Manager,18548.39,55,14.1,TI,Porto Alegre,4.6,37,2946.05
733.409.517-50,Product Manager,12984.44,40,12.3,Produto,Fortaleza,4.3,34,1747.22
490.562.585-77,Group Product Manager,31002.73,50,0.6,Vendas,Recife,4.2,38,1901.46
807.243.143-32,Team Member,11222.89,40,3.1,Produto,Belo Horizonte,6.3,42,2212.02
396.913.160-61,Group Product Manager,32593.54,43,7.0,Vendas,Fortaleza,6.2,41,5771.69
827.158.526-54,Group Product Manager,20918.54,32,9.2,Vendas,São Paulo,1.4,40,3672.15
632.174.432-89,Product Manager,13304.35,26,11.6,TI,Salvador,3.3,40,1798.06
569.948.334-82,Product Manager,13412.62,57,4.3,Marketing,Rio de Janeiro,4.4,37,1088.22
574.827.200-38,Product Manager,17481.08,35,1.2,Vendas,Recife,1.1,43,923.32
207.342.399-16,Tech Lead,23098.72,41,7.9,Marketing,Salvador,4.3,43,3795.52
369.453.854-23,Team Member,5862.87,37,13.2,Vendas,Recife,4.8,40,417.43
467.671.827-65,Team Member,7305.8,55,13.7,Vendas,Manaus,4.9,39,396.12
867.360.121-83,Group Product Manager,23283.19,23,1.3,Vendas,São Paulo,5.0,36,3026.53
132.351.968-71,Team Member,7623.91,59,12.5,Marketing,Rio de Janeiro,1.1,36,948.49
772.984.965-35,Team Member,10563.34,47,2.7,Vendas,Porto Alegre,9.7,44,1334.0
485.948.734-71,Group Product Manager,32037.63,22,1.2,TI,Fortaleza,5.8,37,3515.39
357.945.600-29,Product Manager,15966.02,56,4.6,Produto,Fortaleza,8.8,46,2606.18
826.961.326-47,Tech Lead,21819.51,22,12.9,TI,Recife,1.9,34,1351.95
661.538.937-29,Product Manager,12642.01,57,10.0,Vendas,Recife,6.2,34,1301.15
962.639.191-78,Product Manager,14796.04,37,5.0,Marketing,Curitiba,4.3,31,1591.85
532.653.914-26,Group Product Manager,21110.89,47,5.4,TI,Porto Alegre,2.4,48,3027.59
714.319.177-91,Team Member,10826.72,31,7.6,Produto,Manaus,1.6,31,1218.07
913.976.286-63,Product Manager,16404.02,32,13.8,Produto,Belo Horizonte,1.6,47,1382.31
733.142.685-38,Product Manager,15786.83,51,4.0,Vendas,Recife,4.6,31,1149.05
291.404.222-15,Tech Lead,19820.1,35,1.7,TI,Manaus,9.3,30,2001.42
382.663.327-50,Tech Lead,15583.31,43,8.5,TI,Rio de Janeiro,3.0,45,798.64
910.110.338-94,Team Member,8777.27,45,8.3,Vendas,São Paulo,3.3,32,1685.14
223.507.162-41,Team Member,6933.21,27,4.2,Vendas,Manaus,8.2,46,785.78
284.373.338-89,Product Manager,16627.13,31,6.8,Produto,Fortaleza,5.1,47,2883.29
370.840.566-96,Group Product Manager,21727.44,41,4.3,Vendas,Recife,4.4,31,2393.84
517.130.954-22,Group Product Manager,33943.27,36,9.2,Vendas,Curitiba,3.4,37,6335.08
508.384.896-84,Tech Lead,24423.3,45,13.1,Vendas,Salvador,3.1,31,1819.57
984.519.151-47,Group Product Manager,23554.51,58,13.5,Vendas,Fortaleza,4.0,36,3224.93
447.879.212-50,Group Product Manager,28014.79,27,4.1,Vendas,Belo Horizonte,2.0,40,2765.72
392.147.717-90,Team Member,10880.91,58,2.2,TI,Porto Alegre,8.9,37,2057.09
584.192.426-62,Product Manager,15397.69,26,10.1,Produto,Porto Alegre,7.5,30,2236.83
443.950.424-84,Group Product Manager,31321.78,31,3.4,TI,Manaus,6.2,32,3634.37
212.945.442-89,Tech Lead,15741.24,48,4.7,Produto,Manaus,6.5,39,2598.75
674.578.167-89,Team Member,7917.19,47,13.5,Marketing,Fortaleza,1.7,40,814.91
564.731.452-52,Tech Lead,24678.26,37,9.2,Produto,Fortaleza,7.3,32,2524.13
225.166.844-28,Tech Lead,16860.77,45,3.6,Vendas,Recife,9.2,34,1811.16
551.981.803-31,Tech Lead,17199.66,25,14.0,TI,Salvador,3.1,38,3234.26
684.191.753-81,Product Manager,16464.93,59,0.8,Marketing,São Paulo,3.3,37,2994.21
768.608.134-66,Group Product Manager,29181.5,34,12.6,Marketing,Rio de Janeiro,7.0,49,5538.48
950.692.584-44,Tech Lead,23772.72,26,11.3,Produto,Brasília,8.6,32,4498.22
263.927.287-43,Tech Lead,19904.76,42,13.6,Vendas,Salvador,7.8,35,1444.5
428.400.440-75,Product Manager,15440.8,44,3.5,Vendas,Curitiba,4.1,38,1175.61
309.485.904-12,Product Manager,17607.54,41,3.2,Vendas,Salvador,2.8,46,2371.88
300.159.505-62,Tech Lead,22200.26,28,2.4,TI,Rio de Janeiro,7.8,44,3202.81
715.163.975-35,Team Member,10739.73,47,14.7,Marketing,São Paulo,4.4,42,752.6
344.615.547-25,Tech Lead,21381.82,43,14.9,Produto,Belo Horizonte,8.6,45,1140.11
656.305.443-76,Tech Lead,15309.53,52,7.9,Marketing,São Paulo,4.7,50,1870.89
855.166.854-15,Product Manager,16988.87,55,10.6,Vendas,São Paulo,9.4,41,1889.37
828.828.577-66,Group Product Manager,31939.51,50,5.8,Marketing,Rio de Janeiro,2.8,45,2043.36
272.806.808-26,Team Member,11171.82,28,9.4,Produto,Recife,3.6,47,1278.51
714.434.634-97,Group Product Manager,34304.17,28,3.6,Marketing,Rio de Janeiro,5.3,48,3803.81
203.191.566-35,Product Manager,16765.92,23,10.1,Vendas,Brasília,4.8,31,2570.58
288.267.653-49,Group Product Manager,21302.55,22,3.9,Produto,Porto Alegre,6.6,41,1444.37
262.678.682-77,Tech Lead,22570.65,28,11.0,Marketing,Curitiba,8.8,34,2546.24
147.730.372-51,Product Manager,17412.1,36,12.4,Vendas,Curitiba,2.3,37,2370.13
865.411.719-95,Tech Lead,20982.7,33,9.6,Marketing,Curitiba,1.4,45,3856.04
220.385.910-47,Group Product Manager,33622.57,26,2.3,Marketing,Belo Horizonte,8.1,37,5482.04
747.805.662-29,Tech Lead,23636.47,41,8.3,Marketing,São Paulo,3.4,41,3833.9
575.255.697-71,Group Product Manager,34670.22,22,8.7,Marketing,Manaus,3.2,50,1957.21
778.148.117-82,Team Member,10500.11,50,11.7,Vendas,Rio de Janeiro,9.8,40,827.4
164.316.372-51,Team Member,6138.52,32,12.6,Produto,Recife,1.3,48,1153.38
489.208.436-84,Product Manager,19635.89,40,5.0,Vendas,Porto Alegre,5.2,38,2705.22
371.817.140-63,Team Member,10656.38,39,1.0,Vendas,Recife,4.2,37,1196.61
630.152.613-39,Team Member,8971.44,38,0.8,Vendas,Belo Horizonte,9.2,47,1066.72
911.371.556-31,Product Manager,15096.66,44,8.4,Marketing,Rio de Janeiro,3.4,30,2154.45
828.621.558-70,Group Product Manager,27147.59,42,12.2,Produto,Belo Horizonte,3.2,37,5027.85
241.375.417-69,Team Member,5394.93,49,12.7,TI,Manaus,7.9,30,1073.34
989.353.534-84,Tech Lead,21041.97,57,8.0,Produto,Rio de Janeiro,4.9,38,4011.95
865.879.447-73,Team Member,9609.55,29,9.5,TI,Curitiba,2.3,32,1546.25
198.423.582-62,Product Manager,13775.19,50,2.8,TI,Porto Alegre,9.5,42,1019.54
641.977.743-49,Product Manager,16897.07,56,9.8,Produto,Salvador,1.1,46,3295.96
948.206.335-37,Team Member,5991.8,23,8.2,Vendas,Porto Alegre,3.4,42,1194.37
510.744.801-75,Product Manager,16991.26,32,1.6,Marketing,Recife,2.8,30,2606.04
813.420.719-23,Tech Lead,22711.15,47,11.2,Produto,São Paulo,2.1,43,3951.46
296.257.290-75,Team Member,10837.99,53,11.4,Vendas,São Paulo,1.9,38,891.11
961.137.567-17,Tech Lead,15489.56,24,9.0,Produto,Brasília,7.8,38,1413.02
124.486.293-30,Product Manager,16965.34,30,3.5,Vendas,São Paulo,2.5,33,1752.82
433.181.584-11,Group Product Manager,20583.48,53,4.0,Marketing,Rio de Janeiro,8.5,48,3694.83
696.626.570-27,Tech Lead,22107.59,28,12.7,TI,Fortaleza,3.1,47,3675.18
695.959.926-47,Group Product Manager,20621.23,35,10.8,Marketing,Porto Alegre,4.6,31,3274.3
421.258.990-31,Team Member,5784.15,31,7.3,Produto,Recife,7.3,32,632.59
783.966.196-69,Product Manager,18186.62,36,11.6,Vendas,Brasília,6.0,40,3375.34
680.923.292-60,Group Product Manager,21829.62,45,11.0,Produto,Recife,4.9,38,2092.66
235.286.709-58,Team Member,10113.55,25,7.2,Produto,Manaus,8.6,36,690.0
625.911.273-14,Product Manager,16425.28,42,1.1,Marketing,Manaus,9.1,31,1801.29
963.882.105-86,Group Product Manager,25872.33,55,11.0,Produto,Salvador,6.9,37,5012.55
528.494.257-82,Tech Lead,23818.43,33,4.7,Produto,Curitiba,2.8,34,4323.97
910.412.983-39,Team Member,9318.38,54,4.9,TI,São Paulo,8.0,46,1093.9
832.397.776-16,Group Product Manager,28765.37,32,5.1,TI,Porto Alegre,4.4,46,1740.07
176.343.900-14,Team Member,8123.58,52,12.6,Vendas,Rio de Janeiro,3.7,35,1136.06
936.465.194-30,Team Member,10690.97,28,12.1,TI,São Paulo,4.4,49,687.83
630.896.451-75,Team Member,11723.87,36,7.9,Produto,São Paulo,8.5,46,682.63
756.798.760-98,Team Member,7678.02,51,2.9,Produto,Porto Alegre,1.0,42,1374.26
221.670.279-84,Team Member,11548.53,48,5.3,TI,Recife,1.4,50,1647.04
931.845.474-37,Tech Lead,21541.03,34,7.7,Produto,Porto Alegre,7.1,46,3312.02
745.836.499-41,Team Member,10908.79,35,6.7,Produto,Fortaleza,9.3,33,685.85
863.463.896-68,Product Manager,17120.34,34,10.0,Vendas,Curitiba,1.6,41,1652.08
746.416.709-35,Group Product Manager,32507.99,40,10.7,Marketing,Belo Horizonte,7.0,49,4140.55
923.946.236-34,Group Product Manager,29283.88,32,10.9,Produto,Recife,3.5,48,3753.47
470.349.948-96,Group Product Manager,24500.76,38,3.4,TI,Fortaleza,2.4,42,3167.49
746.214.515-65,Product Manager,12136.12,31,8.5,Marketing,Manaus,5.6,37,935.9
647.916.362-86,Tech Lead,20714.56,51,0.6,TI,Porto Alegre,9.5,43,2137.82
872.919.869-27,Team Member,5637.83,30,6.4,TI,Manaus,10.0,36,927.04
496.270.893-40,Tech Lead,23894.08,30,1.3,Marketing,Porto Alegre,5.9,32,4205.37
250.427.656-39,Team Member,11827.98,51,11.8,Produto,Fortaleza,5.3,49,1707.58
391.503.283-43,Product Manager,19944.16,25,0.7,Vendas,Belo Horizonte,4.6,36,1260.84
341.153.881-65,Product Manager,16043.99,36,9.7,Produto,Recife,8.4,46,2900.36
428.562.862-14,Group Product Manager,31040.44,32,14.1,Vendas,Belo Horizonte,6.5,46,5612.57
918.306.719-13,Group Product Manager,23936.62,54,6.5,TI,Manaus,9.1,50,2171.45
556.533.172-19,Team Member,8594.22,36,7.3,TI,São Paulo,2.9,41,1520.53
418.883.512-66,Group Product Manager,30630.24,24,11.1,Marketing,Rio de Janeiro,2.1,33,4671.97
624.183.851-54,Product Manager,17766.6,37,2.5,Marketing,Brasília,6.3,41,1436.93
883.451.676-67,Team Member,7629.11,30,9.8,Marketing,Rio de Janeiro,7.2,47,658.45
421.807.301-87,Team Member,8736.99,53,6.1,Vendas,Salvador,6.5,38,1724.55
145.279.568-75,Tech Lead,15335.03,23,14.7,Produto,Manaus,7.2,47,1239.92
417.701.828-61,Product Manager,15239.83,28,6.2,Produto,Brasília,5.6,45,2705.67
968.319.854-43,Team Member,9145.14,51,3.6,Marketing,Rio de Janeiro,4.3,31,1295.89
924.291.161-21,Group Product Manager,23906.17,32,9.4,TI,Fortaleza,7.1,36,3087.03
206.632.652-19,Group Product Manager,33618.51,55,7.0,Vendas,São Paulo,1.2,35,4296.05
781.400.429-10,Team Member,6790.05,25,9.2,Marketing,Brasília,9.8,36,1287.81
982.840.309-27,Tech Lead,19245.33,36,14.7,Produto,Fortaleza,4.7,36,3214.19
184.569.538-69,Group Product Manager,21441.72,48,1.2,Vendas,Fortaleza,7.1,39,3465.05
292.364.885-58,Team Member,7436.91,26,3.8,Marketing,Recife,8.9,33,749.9
645.236.800-73,Team Member,5172.81,39,4.5,TI,São Paulo,5.4,34,657.09
362.514.654-43,Group Product Manager,30670.06,38,11.4,Marketing,Recife,4.1,50,5183.07
519.448.149-31,Team Member,11361.0,59,8.3,Produto,Recife,4.2,36,1206.69
946.981.964-63,Team Member,9533.87,36,10.3,Produto,Fortaleza,8.0,40,1552.71
926.972.178-27,Team Member,9626.79,59,5.0,Vendas,Belo Horizonte,3.7,30,1913.32
733.543.165-13,Team Member,5028.94,30,14.0,Vendas,São Paulo,1.3,30,781.48
601.535.992-98,Team Member,7498.04,54,9.5,TI,São Paulo,8.3,31,564.02
650.731.593-70,Team Member,9255.04,27,11.7,Marketing,Porto Alegre,7.6,49,870.13
814.474.679-92,Team Member,6362.82,44,10.1,Vendas,Belo Horizonte,6.5,38,567.3
356.701.206-78,Group Product Manager,34726.82,25,9.0,TI,Belo Horizonte,8.2,34,5194.84
464.997.467-92,Tech Lead,21598.99,23,11.5,TI,Fortaleza,8.2,46,1514.2
973.820.528-58,Group Product Manager,32662.79,43,13.7,Marketing,Fortaleza,3.0,50,3403.83
930.789.182-53,Group Product Manager,20039.75,54,14.7,TI,Belo Horizonte,5.6,32,3526.56
292.584.487-90,Group Product Manager,28268.47,26,0.9,Marketing,Rio de Janeiro,8.7,48,5238.74
337.104.822-80,Tech Lead,16427.02,38,10.8,Vendas,Belo Horizonte,8.6,31,1391.55
181.542.338-33,Group Product Manager,30590.4,24,10.5,Vendas,Porto Alegre,2.6,46,4020.47
533.146.948-92,Team Member,7690.01,43,13.8,Marketing,Porto Alegre,5.6,31,457.77
715.679.853-72,Group Product Manager,28886.94,28,10.1,Marketing,Curitiba,4.5,31,4075.66
247.932.259-11,Tech Lead,22794.31,32,4.9,Produto,Salvador,1.9,48,2857.38
583.528.277-51,Group Product Manager,24406.26,42,7.5,TI,Rio de Janeiro,3.6,40,4732.35
290.431.245-85,Product Manager,12875.15,33,14.8,Produto,Salvador,9.4,40,1498.59
802.242.646-46,Team Member,8553.98,44,1.6,TI,Porto Alegre,4.1,46,437.66
508.416.846-85,Tech Lead,24964.14,23,4.8,Produto,São Paulo,1.0,36,3824.86
775.302.388-44,Tech Lead,18391.59,24,0.8,TI,Rio de Janeiro,9.7,48,3618.86
145.642.139-32,Group Product Manager,22968.66,54,7.4,Produto,Fortaleza,8.4,50,3818.24
701.262.618-91,Group Product Manager,21360.12,40,9.6,Produto,Curitiba,9.6,46,3812.91
125.553.249-14,Product Manager,16742.19,46,8.3,Marketing,Fortaleza,3.4,48,2049.0
458.439.284-34,Team Member,11027.54,57,12.2,TI,Rio de Janeiro,7.3,33,2001.74
461.903.306-86,Team Member,8042.13,23,11.0,Marketing,Recife,2.3,49,614.05
685.559.258-46,Tech Lead,19819.83,31,14.3,Vendas,Salvador,5.5,50,3230.92
351.191.538-95,Tech Lead,15247.77,42,7.2,Vendas,Porto Alegre,7.8,30,1280.26
818.823.421-59,Team Member,8815.57,48,7.1,Produto,Belo Horizonte,5.5,47,1306.17
542.366.909-96,Product Manager,17654.03,38,5.8,TI,Manaus,2.4,44,2970.86
102.158.390-86,Team Member,6978.7,28,4.1,Produto,Brasília,4.2,37,483.66
790.208.539-83,Product Manager,15238.26,39,13.2,Produto,Brasília,1.9,48,2011.37
796.469.190-66,Product Manager,14060.59,56,4.2,Produto,Salvador,7.3,44,2800.77
237.865.381-20,Tech Lead,17999.57,57,12.4,Vendas,Belo Horizonte,3.7,46,3408.28
271.188.163-68,Team Member,7876.18,44,3.1,Produto,São Paulo,9.3,50,481.99
110.917.337-44,Product Manager,19486.29,34,0.6,Produto,Rio de Janeiro,5.5,40,3483.58
214.734.279-90,Team Member,7849.4,54,6.5,Vendas,Porto Alegre,3.1,46,1322.0
647.101.500-33,Team Member,11083.57,33,8.6,Produto,Belo Horizonte,2.5,48,810.04
602.578.789-79,Group Product Manager,20268.93,59,7.4,Produto,Curitiba,6.7,39,1386.55
652.796.109-44,Tech Lead,17204.92,29,11.9,Marketing,São Paulo,1.4,47,1954.01
738.183.161-75,Product Manager,12021.07,48,12.8,Produto,Porto Alegre,8.0,44,894.41
968.167.786-72,Product Manager,18768.79,49,12.3,Marketing,São Paulo,6.3,35,3578.89
355.555.131-65,Group Product Manager,30058.49,58,2.0,Marketing,Manaus,3.3,47,3629.34
654.718.412-79,Product Manager,19784.3,43,12.3,Produto,Rio de Janeiro,6.3,35,3599.29
744.262.800-57,Product Manager,17216.52,55,3.1,TI,Brasília,1.0,30,2489.59
308.421.777-70,Tech Lead,22386.13,51,10.1,Marketing,Belo Horizonte,1.4,35,3141.58
487.646.666-94,Tech Lead,22771.77,44,14.5,TI,Brasília,5.9,44,1231.99
427.549.757-62,Tech Lead,17297.37,25,7.9,Marketing,Fortaleza,2.3,49,935.9
101.132.333-19,Product Manager,18746.48,47,7.4,Vendas,Fortaleza,2.6,46,2046.76
713.740.121-97,Tech Lead,24877.01,52,9.6,Vendas,Manaus,3.1,33,3792.4
993.573.731-22,Team Member,11222.97,34,2.5,Produto,Rio de Janeiro,6.4,46,740.82
993.470.992-69,Group Product Manager,31324.3,27,2.8,TI,Porto Alegre,5.8,47,2737.57
867.973.743-70,Team Member,7426.25,49,9.8,Produto,Fortaleza,2.6,40,1253.64
137.254.157-83,Tech Lead,21276.08,53,2.0,Produto,Belo Horizonte,3.9,40,3662.23
765.124.751-78,Team Member,6708.54,25,3.5,Produto,Fortaleza,8.2,43,1046.45
133.115.855-20,Group Product Manager,29458.76,50,2.6,Vendas,Manaus,1.6,45,4216.48
914.394.623-39,Group Product Manager,23002.87,56,3.1,Produto,Recife,8.4,50,2038.88
320.127.576-87,Team Member,7724.82,41,11.7,TI,Fortaleza,1.2,49,1369.81
310.261.643-60,Tech Lead,23337.31,33,4.0,Produto,Fortaleza,5.2,32,3096.26
464.636.949-76,Team Member,8798.41,45,12.3,Produto,São Paulo,6.3,34,667.49
917.461.977-64,Product Manager,15867.36,46,10.4,Vendas,Rio de Janeiro,3.4,35,2158.23
500.393.731-97,Product Manager,19525.21,28,12.8,Produto,Fortaleza,1.6,36,3858.51
211.858.936-72,Team Member,11378.98,45,13.8,Vendas,Curitiba,2.7,31,1167.11
994.858.368-97,Group Product Manager,28178.43,60,7.6,Vendas,Rio de Janeiro,9.9,49,5420.22
620.113.331-47,Tech Lead,24388.4,29,13.8,Produto,Porto Alegre,9.4,41,1948.65
832.159.774-91,Product Manager,19335.5,50,5.6,Produto,Recife,4.2,31,2810.74
445.132.804-21,Tech Lead,24626.7,44,7.4,Marketing,Rio de Janeiro,6.2,46,2861.11
395.331.437-42,Tech Lead,17950.91,48,4.7,Vendas,Manaus,10.0,46,1799.51
119.705.301-78,Tech Lead,16687.68,44,1.3,TI,São Paulo,8.6,41,2920.74
627.416.922-73,Product Manager,12149.49,55,13.0,Produto,Curitiba,2.1,34,1156.25
420.266.534-54,Group Product Manager,34149.24,29,13.3,TI,Belo Horizonte,5.0,49,3577.67
910.134.874-79,Product Manager,17386.64,55,9.1,Produto,Belo Horizonte,4.9,32,2326.64
835.273.445-51,Group Product Manager,24422.97,46,1.8,Vendas,Fortaleza,1.4,49,2461.85
766.463.653-81,Tech Lead,17378.63,60,7.1,Marketing,Brasília,4.9,45,2268.9
480.373.429-31,Group Product Manager,30148.9,44,10.9,Produto,Curitiba,4.7,39,1768.7
301.359.353-61,Group Product Manager,28256.29,38,12.3,Marketing,Salvador,5.2,42,4837.16
564.620.305-69,Team Member,5307.48,43,11.0,Marketing,Salvador,2.0,49,565.63
367.890.422-61,Tech Lead,22957.44,24,2.1,Produto,Porto Alegre,5.9,49,4201.17
802.576.823-23,Product Manager,18110.32,50,4.5,Marketing,Recife,6.9,48,2880.23
342.774.591-67,Group Product Manager,34078.77,38,5.7,Produto,Salvador,9.7,43,1725.4
291.845.706-98,Group Product Manager,29498.76,51,9.3,Vendas,Belo Horizonte,3.3,50,3686.54
738.334.279-73,Product Manager,13530.1,27,2.3,TI,São Paulo,3.7,38,833.32
487.154.964-11,Product Manager,17500.99,40,7.8,Produto,Belo Horizonte,6.1,48,2788.84
915.928.257-79,Product Manager,14906.67,45,14.9,Vendas,Rio de Janeiro,3.5,36,1090.75
866.989.470-56,Group Product Manager,27954.73,22,8.6,Produto,São Paulo,8.1,33,2611.15
945.271.523-17,Tech Lead,18331.22,29,8.1,Marketing,Rio de Janeiro,2.1,39,1259.49
251.772.120-12,Product Manager,18222.6,47,11.4,Vendas,São Paulo,3.7,43,2892.24
931.461.496-32,Group Product Manager,27136.36,54,13.4,Vendas,São Paulo,5.6,47,3598.27
101.415.377-49,Group Product Manager,26743.87,39,2.8,Marketing,Curitiba,1.1,47,2621.5
677.512.750-32,Product Manager,14826.68,50,2.0,Marketing,Fortaleza,4.0,31,974.23
982.946.303-14,Product Manager,18941.2,55,7.4,Marketing,Manaus,1.8,49,1506.06
178.298.946-36,Group Product Manager,29144.81,30,10.1,Vendas,Recife,5.9,47,3707.98
218.380.103-76,Tech Lead,22680.44,43,11.0,Produto,Brasília,7.0,49,3322.06
961.156.584-70,Team Member,6030.05,24,3.7,TI,Manaus,1.5,44,1170.11
447.635.905-46,Product Manager,17356.42,23,8.0,Vendas,São Paulo,9.5,36,2550.36
902.763.158-47,Group Product Manager,20839.75,23,4.6,Marketing,São Paulo,9.8,42,3030.93
589.220.100-85,Group Product Manager,28747.65,51,5.5,Produto,Rio de Janeiro,8.9,35,3026.88
917.470.358-72,Tech Lead,19345.73,56,11.1,TI,Manaus,3.3,30,1310.45
691.413.514-15,Tech Lead,23190.1,53,6.1,Vendas,Manaus,7.9,44,2843.19
370.130.843-59,Product Manager,17542.31,50,1.8,Vendas,Rio de Janeiro,7.3,30,2610.23
787.428.959-20,Group Product Manager,27388.35,39,12.7,Vendas,Brasília,7.6,49,4101.86
343.710.131-69,Product Manager,18111.17,55,9.9,TI,Fortaleza,4.1,33,996.09
686.124.681-93,Product Manager,18865.04,57,11.8,Vendas,Salvador,4.3,48,1812.05
723.901.596-83,Tech Lead,16357.54,22,6.0,Produto,Belo Horizonte,2.5,45,1457.47
820.383.252-19,Group Product Manager,26316.15,44,1.2,Produto,Porto Alegre,7.7,50,1592.26
218.678.981-90,Product Manager,16064.87,49,0.5,Vendas,Belo Horizonte,7.0,39,1514.53
743.927.179-96,Group Product Manager,20812.53,47,10.6,Produto,Rio de Janeiro,3.5,49,2463.62
605.129.791-33,Product Manager,18042.9,28,8.2,Produto,Belo Horizonte,2.4,45,1228.48
629.260.340-30,Group Product Manager,28305.14,60,4.3,Marketing,Brasília,1.7,36,3190.03
232.363.432-34,Product Manager,19131.5,40,9.1,TI,Porto Alegre,4.1,33,1373.7
883.765.238-81,Group Product Manager,31703.79,59,4.3,Vendas,Salvador,3.4,40,4895.64
282.624.670-56,Tech Lead,19732.49,45,6.3,Marketing,Recife,9.7,41,2469.1
275.699.122-42,Product Manager,18058.21,35,7.4,TI,Brasília,8.4,33,1243.55
226.341.488-29,Product Manager,13307.33,32,3.6,Marketing,Manaus,2.7,40,784.7
553.479.921-79,Tech Lead,20851.05,58,13.4,Produto,Brasília,7.0,31,3359.09
741.439.297-57,Team Member,9341.79,45,8.4,Vendas,Manaus,2.4,36,1494.53
213.786.765-57,Tech Lead,22016.77,56,5.9,Marketing,Salvador,5.4,50,4395.66
773.690.984-17,Team Member,9777.39,59,0.9,TI,Fortaleza,2.6,45,1083.66
992.902.881-68,Group Product Manager,21493.74,53,9.4,Marketing,Fortaleza,6.6,38,4267.14
540.499.123-43,Team Member,11102.28,41,12.7,Vendas,São Paulo,7.3,33,1058.89
623.771.439-52,Group Product Manager,33183.52,59,1.8,TI,São Paulo,9.0,36,6106.73
456.143.923-11,Tech Lead,21017.18,35,12.2,Marketing,Salvador,6.0,46,1663.84
703.435.260-26,Team Member,8910.6,39,14.0,Vendas,São Paulo,2.3,46,1072.08
121.462.500-87,Group Product Manager,34428.32,44,7.8,Vendas,Fortaleza,10.0,30,4294.81
953.770.519-28,Group Product Manager,34646.23,33,10.5,Vendas,Belo Horizonte,8.9,41,5982.77
274.245.573-22,Team Member,6642.76,28,3.6,Produto,São Paulo,7.8,43,1229.61
394.568.577-70,Team Member,8626.88,28,5.7,Produto,Porto Alegre,5.2,46,1459.54
202.568.875-64,Group Product Manager,29564.72,36,7.4,Produto,Manaus,7.6,37,3587.15
986.748.425-30,Tech Lead,23370.27,24,12.9,Vendas,São Paulo,1.3,40,2310.96
422.977.543-77,Group Product Manager,34062.15,38,5.8,Vendas,Fortaleza,1.9,43,3971.57
500.865.523-24,Team Member,11692.85,30,3.1,Produto,Recife,1.6,50,1362.75
595.227.844-86,Tech Lead,20506.44,39,13.0,TI,Recife,4.7,50,1992.11
574.827.731-59,Product Manager,15215.8,52,11.9,TI,Porto Alegre,4.3,48,1663.37
993.165.784-98,Team Member,6953.79,44,8.3,Vendas,Recife,9.3,41,535.09
314.322.605-34,Team Member,7555.41,25,9.5,TI,Recife,8.5,50,1000.64
827.599.963-80,Team Member,7692.0,34,8.3,TI,Manaus,4.9,42,1514.95
122.111.754-83,Group Product Manager,30104.56,41,11.1,TI,São Paulo,7.7,38,4882.87
240.663.641-62,Team Member,5155.76,26,1.0,Produto,São Paulo,8.5,41,558.77
316.263.858-56,Product Manager,18326.55,31,2.3,Vendas,Rio de Janeiro,9.7,45,1890.34
300.281.438-12,Team Member,10593.98,36,7.1,Vendas,Rio de Janeiro,3.2,34,1424.58
675.147.169-73,Group Product Manager,30054.42,45,11.0,Marketing,Rio de Janeiro,2.9,30,4848.38
338.692.714-53,Product Manager,12379.84,28,5.2,Marketing,Belo Horizonte,8.8,32,1524.94
396.827.920-93,Group Product Manager,34726.61,22,13.8,Marketing,Recife,5.1,37,6888.12
996.610.542-34,Product Manager,15906.05,32,1.4,Marketing,São Paulo,5.9,35,920.31
977.156.988-36,Tech Lead,22220.88,26,10.1,Produto,Salvador,5.8,37,3107.92
584.490.370-10,Tech Lead,16616.31,37,9.9,TI,Porto Alegre,5.5,46,2719.05
739.149.230-55,Group Product Manager,34237.35,29,5.2,Vendas,Brasília,4.4,36,5602.14
508.913.962-19,Group Product Manager,33888.69,27,10.9,Produto,Fortaleza,8.8,45,4728.51
728.732.494-14,Product Manager,17187.56,45,12.7,Vendas,Fortaleza,4.0,45,1610.72
612.571.798-36,Team Member,8211.66,49,13.2,Produto,Curitiba,9.3,41,1286.3
923.363.444-33,Team Member,7557.94,42,13.6,Produto,Salvador,7.9,31,1498.72
478.148.241-90,Tech Lead,21822.42,38,2.9,Vendas,Manaus,9.7,41,4286.71
427.451.469-16,Group Product Manager,34529.32,31,9.1,Marketing,Belo Horizonte,8.7,39,2731.44
604.855.934-34,Product Manager,17962.91,55,6.6,Vendas,Manaus,8.7,39,2537.76
618.147.113-48,Tech Lead,21229.77,25,14.1,TI,São Paulo,9.9,33,2719.21
512.525.717-85,Team Member,9098.37,36,2.4,Vendas,Recife,6.8,41,1609.14
316.195.481-65,Tech Lead,18092.01,47,2.3,Vendas,São Paulo,2.0,32,2213.78
328.413.840-46,Team Member,5598.39,48,4.3,TI,Manaus,3.1,42,742.36
941.622.571-88,Tech Lead,22299.86,60,1.6,Vendas,Recife,7.6,33,2582.06
965.978.177-26,Group Product Manager,33337.67,59,14.9,Vendas,Fortaleza,1.8,45,3530.47
459.480.358-53,Product Manager,18622.99,54,7.7,Vendas,Fortaleza,4.3,39,2634.82
952.404.458-25,Team Member,10295.4,55,12.1,Vendas,Recife,3.0,47,653.76
176.400.946-56,Team Member,7132.06,36,14.5,Marketing,Salvador,6.0,36,759.05
413.347.176-56,Group Product Manager,31080.23,52,8.8,Vendas,São Paulo,3.8,32,2119.59
708.421.108-72,Tech Lead,18022.65,48,9.4,Produto,Brasília,9.8,49,2201.14
538.366.764-53,Tech Lead,24996.8,28,12.1,Vendas,Porto Alegre,7.3,47,4228.96
199.983.267-84,Team Member,7635.96,51,7.1,Vendas,Manaus,8.5,40,1322.65
286.116.615-82,Tech Lead,15535.37,44,3.8,TI,São Paulo,1.1,47,3005.65
207.677.167-49,Tech Lead,21761.42,27,2.3,Vendas,Rio de Janeiro,3.3,42,3676.17
807.973.100-82,Product Manager,12733.02,24,8.6,Produto,Fortaleza,7.1,37,935.36
814.667.232-21,Group Product Manager,28030.09,41,5.9,Vendas,Belo Horizonte,5.4,43,5151.86
284.550.333-52,Team Member,10579.42,54,15.0,Marketing,São Paulo,4.3,32,998.92
516.645.522-62,Product Manager,13818.92,44,10.7,Vendas,Recife,7.5,32,890.14
461.109.250-36,Tech Lead,24521.17,38,4.0,TI,Manaus,7.6,38,4607.49
496.835.174-36,Group Product Manager,23205.23,33,2.3,Marketing,São Paulo,1.4,39,3029.64
697.382.652-98,Product Manager,13732.0,47,1.2,Vendas,Curitiba,2.7,41,1089.08
132.914.106-24,Tech Lead,22222.39,30,8.2,Produto,Recife,1.4,44,2038.41
445.950.255-91,Group Product Manager,20407.46,58,12.7,Marketing,São Paulo,6.2,37,3040.79
567.902.915-76,Product Manager,17355.44,34,14.3,Produto,Brasília,5.4,44,1384.04
281.970.702-56,Product Manager,13469.75,38,11.3,Vendas,Manaus,7.1,49,1236.39
113.731.590-77,Tech Lead,16051.56,38,0.5,Marketing,Belo Horizonte,4.4,42,2205.8
452.652.294-66,Product Manager,16703.99,45,12.7,TI,Curitiba,3.0,42,1086.72
978.114.895-63,Product Manager,13707.77,58,10.4,Marketing,Rio de Janeiro,7.2,38,2550.95
386.875.615-62,Group Product Manager,31893.5,60,7.7,Vendas,Fortaleza,2.0,48,3462.48
797.719.355-57,Group Product Manager,26239.66,46,4.6,Vendas,Brasília,6.7,36,2753.1
579.103.616-88,Group Product Manager,31764.79,32,0.9,Marketing,Rio de Janeiro,3.8,36,3810.84
902.833.899-94,Product Manager,19734.39,42,8.6,Marketing,Recife,3.4,50,2477.42
151.472.211-68,Product Manager,15273.71,56,7.5,Vendas,Recife,3.4,32,2605.72
120.724.518-70,Product Manager,12093.02,29,12.1,Marketing,Salvador,5.8,44,1011.2
231.311.483-38,Team Member,8348.03,43,7.9,Produto,Brasília,7.8,32,963.53
221.337.364-25,Team Member,7265.72,27,12.0,Vendas,São Paulo,3.8,39,912.04
700.804.888-38,Product Manager,15490.67,53,14.8,Vendas,Curitiba,9.7,36,1302.01
622.201.522-43,Team Member,6438.94,26,14.5,Marketing,Belo Horizonte,8.7,50,520.78
698.763.352-89,Group Product Manager,32986.44,47,7.2,TI,Brasília,2.8,30,3584.82
374.620.676-83,Product Manager,18716.42,56,7.2,TI,Manaus,6.0,34,1474.69
315.210.677-11,Product Manager,14567.51,41,4.1,TI,Brasília,8.8,34,1134.04
723.476.332-36,Team Member,9329.71,28,12.0,Marketing,Porto Alegre,4.6,37,942.12
709.419.930-48,Tech Lead,17542.86,26,9.3,TI,Salvador,7.7,36,888.22
663.241.747-32,Product Manager,18717.33,54,0.6,Produto,Manaus,9.1,48,3552.83
222.479.599-39,Group Product Manager,27002.93,60,4.0,Marketing,Fortaleza,7.0,45,3548.89
390.871.428-40,Product Manager,18911.71,22,10.9,TI,Porto Alegre,4.8,45,3124.68
950.758.825-71,Team Member,9541.27,60,10.3,Vendas,Salvador,5.7,32,642.18
435.359.160-40,Group Product Manager,20680.46,26,1.0,TI,Manaus,9.3,32,2942.7
686.852.396-91,Product Manager,19185.57,34,1.9,TI,Recife,7.6,43,2741.23
704.824.224-44,Product Manager,15332.87,54,8.0,Produto,São Paulo,9.0,49,2047.27
841.944.481-45,Product Manager,16014.28,51,8.5,TI,Salvador,7.7,30,2945.24
535.514.760-25,Tech Lead,20210.61,33,1.0,Vendas,Manaus,6.8,48,3956.95
112.573.794-69,Team Member,7215.15,54,11.9,TI,Manaus,8.2,39,1222.36
657.609.467-19,Team Member,9772.87,57,10.3,Vendas,Manaus,2.9,48,1610.14
109.401.523-29,Tech Lead,15192.86,28,4.3,Vendas,São Paulo,1.9,42,808.43
534.508.686-15,Team Member,11612.46,24,10.8,Produto,Salvador,7.3,41,1646.9
842.254.208-40,Tech Lead,16109.92,42,7.7,TI,Recife,8.0,44,2842.93
413.906.434-49,Product Manager,16085.45,52,10.8,Marketing,Curitiba,3.7,40,1918.55
732.418.305-79,Group Product Manager,27769.98,57,2.4,TI,Belo Horizonte,9.0,32,2679.43
416.360.459-24,Tech Lead,23564.69,36,12.6,Vendas,São Paulo,6.7,42,3154.44
399.383.608-34,Group Product Manager,34124.43,33,9.9,Marketing,Brasília,3.0,34,1950.77
839.738.509-40,Product Manager,19593.91,36,4.2,TI,Rio de Janeiro,3.0,46,2750.67
682.189.176-85,Group Product Manager,25726.24,24,13.3,TI,Salvador,6.8,31,3193.54
171.786.644-12,Product Manager,16947.86,29,14.8,Produto,São Paulo,5.4,50,1151.21
354.353.473-14,Product Manager,18441.61,39,8.9,TI,Fortaleza,1.1,44,1888.46
423.693.412-62,Team Member,6589.54,44,2.7,Produto,Curitiba,7.8,36,552.53
831.672.488-60,Team Member,11695.34,47,3.0,Vendas,Brasília,5.4,40,750.31
516.395.780-84,Tech Lead,20629.48,60,14.7,Marketing,Brasília,6.1,42,2795.06
971.219.823-12,Tech Lead,19677.13,37,7.8,Vendas,Recife,7.7,48,3546.2
474.312.897-67,Tech Lead,16666.11,27,14.4,Vendas,Manaus,3.3,44,838.38
463.294.591-23,Group Product Manager,28032.32,48,3.4,Marketing,Fortaleza,2.7,33,3960.7
388.878.333-15,Product Manager,19891.97,35,2.1,Produto,Rio de Janeiro,4.1,48,1592.58
925.772.878-80,Tech Lead,22307.93,42,7.4,Vendas,Rio de Janeiro,7.9,39,1555.41
274.535.678-28,Team Member,8536.85,56,4.1,Marketing,Fortaleza,3.0,30,1650.85
199.424.750-67,Tech Lead,24845.14,52,7.6,Produto,Brasília,2.2,37,1879.69
643.937.765-51,Team Member,10211.81,53,13.0,TI,Salvador,6.5,49,1157.65
174.441.223-31,Tech Lead,21762.87,33,3.6,TI,Curitiba,2.0,40,4334.51
244.697.320-34,Tech Lead,16526.66,39,3.8,Produto,Recife,4.0,32,2387.44
932.466.962-15,Tech Lead,21924.95,28,6.1,Marketing,Fortaleza,9.5,30,1278.64
423.386.233-31,Tech Lead,22557.98,49,5.5,Produto,Rio de Janeiro,8.8,36,4044.26
720.372.399-87,Team Member,8611.11,37,7.7,TI,Rio de Janeiro,3.8,36,1468.33
